日期,推广计划名称,宝贝名称,宝贝类型,商品id,搜索类型,流量来源,展现量,点击量,花费(分),点击率,平均点击花费(分),千次展现花费(分),点击转化率,直接成交金额(分),直接成交笔数,间接成交金额(分),间接成交笔数,总成交金额(分),总成交笔数,宝贝收藏数,店铺收藏数,总收藏数,投入产出比,直接购物车数,间接购物车数,总购物车数
2019-04-30,胶原【扩词】01-鱼腥草,姿美堂 鱼胶原蛋白肽精华粉水解粉口服液液态饮男女性正品非片,宝贝推广,4098099921,搜索,移动站内,14133,843,401417,5.96,476.18,28402.82,5.10,936892,35,97308,8,1034200,43,54,5,59,2.58,93,18,111
2019-04-30,胶原【长尾词】02-鱼腥草,姿美堂 鱼胶原蛋白肽精华粉水解粉口服液液态饮男女性正品非片,宝贝推广,4098099921,搜索,计算机站内,17,0,0,0.00,,0.00,,,,,,,,,,,,,,
2019-04-30,胶原【长尾词】02-鱼腥草,姿美堂 鱼胶原蛋白肽精华粉水解粉口服液液态饮男女性正品非片,宝贝推广,4098099921,搜索,移动站内,1997,119,37361,5.96,313.96,18708.56,4.20,96407,4,5493,1,101900,5,6,1,7,2.73,8,1,9
2019-04-30,胶原【长尾词】02-鱼腥草,姿美堂 鱼胶原蛋白肽精华粉水解粉口服液液态饮男女性正品非片,宝贝推广,4098099921,搜索,移动站外,8,0,0,0.00,,0.00,,,,,,,,,,,,,,
2019-04-30,胶原【双智能】-南烛,姿美堂 鱼胶原蛋白肽精华粉水解粉口服液液态饮男女性正品非片,宝贝推广,4098099921,搜索,移动站内,11749,530,240067,4.51,452.96,20432.97,5.47,351387,13,316212,16,667599,29,33,6,39,2.78,35,16,51
2019-04-30,胶原【pc端】02-鱼腥草,姿美堂 鱼胶原蛋白肽精华粉水解粉口服液液态饮男女性正品非片,宝贝推广,4098099921,搜索,计算机站内,15953,66,21491,0.41,325.62,1347.14,0.00,0,0,0,0,0,0,1,0,1,0.00,2,2,4
2019-04-30,胶原【pc端】02-鱼腥草,姿美堂 鱼胶原蛋白肽精华粉水解粉口服液液态饮男女性正品非片,宝贝推广,4098099921,定向投放,计算机站内,1372,1,102,0.07,102.00,74.34,,,,,,,,,,,,,,
2019-04-30,酵素【扩词-果蔬酵素】01-青黛,姿美堂果蔬酵素粉台湾复合水果孝素粉正品男女非果冻梅饮夜间原液,宝贝推广,42967846606,搜索,移动站内,12416,1395,395325,11.24,283.39,31839.96,7.53,1007744,89,214806,16,1222550,105,60,10,70,3.09,164,35,199
2019-04-30,胶原【长尾词】01-鱼腥草,姿美堂 鱼胶原蛋白肽精华粉水解粉口服液液态饮男女性正品非片,宝贝推广,4098099921,搜索,移动站内,3336,190,50000,5.70,263.16,14988.01,0.00,0,0,0,0,0,0,12,1,13,0.00,13,3,16
2019-04-30,胶原【长尾词】01-鱼腥草,姿美堂 鱼胶原蛋白肽精华粉水解粉口服液液态饮男女性正品非片,宝贝推广,4098099921,搜索,移动站外,4,0,0,0.00,,0.00,,,,,,,,,,,,,,
2019-04-30,酵素【扩词】02-青黛PC,姿美堂果蔬酵素粉台湾复合水果孝素粉正品男女非果冻梅饮夜间原液,宝贝推广,42967846606,搜索,计算机站内,2047,123,14317,6.01,116.40,6994.14,4.88,60200,5,17250,1,77450,6,2,0,2,5.41,7,0,7
2019-04-30,酵素【扩词-清肠排便】04-青黛,姿美堂果蔬酵素粉台湾复合水果孝素粉正品男女非果冻梅饮夜间原液,宝贝推广,42967846606,搜索,移动站内,5073,418,135902,8.24,325.12,26789.28,7.42,234704,25,50696,6,285400,31,21,1,22,2.10,34,8,42
2019-04-30,酵素【扩词】03-青黛,姿美堂果蔬酵素粉台湾复合水果孝素粉正品男女非果冻梅饮夜间原液,宝贝推广,42967846606,搜索,移动站内,9990,860,226967,8.61,263.92,22719.42,5.70,480357,44,73893,5,554250,49,29,4,33,2.44,105,15,120
2019-04-30,酵素【长尾】04-青黛,姿美堂果蔬酵素粉台湾复合水果孝素粉正品男女非果冻梅饮夜间原液,宝贝推广,42967846606,搜索,移动站内,2120,237,51371,11.18,216.76,24231.60,4.22,100700,9,6900,1,107600,10,7,0,7,2.09,25,2,27
2019-04-30,胶原【定向-】03-鱼腥草,姿美堂 鱼胶原蛋白肽精华粉水解粉口服液液态饮男女性正品非片,宝贝推广,4098099921,搜索,移动站内,380,5,1315,1.32,263.00,3460.53,,,,,,,,,,,,,,
2019-04-30,胶原【定向-】03-鱼腥草,姿美堂 鱼胶原蛋白肽精华粉水解粉口服液液态饮男女性正品非片,宝贝推广,4098099921,定向投放,移动站内,3330,46,8118,1.38,176.48,2437.84,0.00,0,0,0,0,0,0,2,0,2,0.00,4,1,5
2019-04-30,胶原【定向1】02-鱼腥草,姿美堂 鱼胶原蛋白肽精华粉水解粉口服液液态饮男女性正品非片,宝贝推广,4098099921,定向投放,移动站内,535,9,692,1.68,76.89,1293.46,0.00,0,0,0,0,0,0,1,0,1,0.00,5,0,5
2019-04-30,酵素【长尾】01-青黛,姿美堂果蔬酵素粉台湾复合水果孝素粉正品男女非果冻梅饮夜间原液,宝贝推广,42967846606,搜索,移动站内,3973,158,23760,3.98,150.38,5980.37,2.53,30934,2,21916,2,52850,4,7,1,8,2.22,15,3,18
2019-04-30,酵素【长尾】02-青黛,姿美堂果蔬酵素粉台湾复合水果孝素粉正品男女非果冻梅饮夜间原液,宝贝推广,42967846606,搜索,移动站内,2214,139,24100,6.28,173.38,10885.28,2.16,30214,2,19086,1,49300,3,5,0,5,2.05,20,2,22
2019-04-30,胶原【长尾词】03-鱼腥草-省油宝长尾A,姿美堂 鱼胶原蛋白肽精华粉水解粉口服液液态饮男女性正品非片,宝贝推广,4098099921,搜索,移动站内,3480,111,50000,3.19,450.45,14367.82,0.90,0,0,7900,1,7900,1,5,0,5,0.16,8,1,9
2019-04-30,胶原【长尾词】03-鱼腥草-省油宝长尾A,姿美堂 鱼胶原蛋白肽精华粉水解粉口服液液态饮男女性正品非片,宝贝推广,4098099921,定向投放,移动站内,8,0,0,0.00,,0.00,,,,,,,,,,,,,,
2019-04-30,酵素【长尾】05-青黛-省油宝长尾B,姿美堂果蔬酵素粉台湾复合水果孝素粉正品男女非果冻梅饮夜间原液,宝贝推广,42967846606,搜索,移动站内,1050,96,20883,9.14,217.53,19888.57,2.08,15800,2,0,0,15800,2,4,1,5,0.76,9,1,10
2019-04-30,酵素【扩词】05-青黛,姿美堂果蔬酵素粉台湾复合水果孝素粉正品男女非果冻梅饮夜间原液,宝贝推广,42967846606,搜索,移动站内,1493,124,33282,8.31,268.40,22292.03,7.26,124400,8,47400,1,171800,9,4,0,4,5.16,16,8,24
2019-04-30,酵素【扩词】01-青黛（减肥）,姿美堂果蔬酵素粉台湾复合水果孝素粉正品男女非果冻梅饮夜间原液,宝贝推广,42967846606,搜索,移动站内,4043,680,171264,16.82,251.86,42360.62,4.12,229920,23,43980,5,273900,28,34,0,34,1.60,71,4,75
2019-04-30,益生菌【精准词】01-小鑫,姿美堂复合益生菌冲剂成人肠胃肠道儿童大人益生元调理冻干粉女性,宝贝推广,547215037045,搜索,移动站内,9649,398,180599,4.12,453.77,18716.86,8.29,278471,27,83278,6,361749,33,20,0,20,2.00,31,5,36
2019-04-30,益生菌【精准词】01-小鑫,姿美堂复合益生菌冲剂成人肠胃肠道儿童大人益生元调理冻干粉女性,宝贝推广,547215037045,定向投放,移动站内,4515,10,814,0.22,81.40,180.29,10.00,20700,1,0,0,20700,1,1,0,1,25.43,1,0,1
2019-04-30,酵素【长尾】03-青黛,姿美堂果蔬酵素粉台湾复合水果孝素粉正品男女非果冻梅饮夜间原液,宝贝推广,42967846606,搜索,移动站内,2767,192,36033,6.94,187.67,13022.41,2.08,46400,4,0,0,46400,4,8,1,9,1.29,26,3,29
2019-04-30,酵素【智能】01-青黛,姿美堂果蔬酵素粉台湾复合水果孝素粉正品男女非果冻梅饮夜间原液,智能推广,42967846606,搜索,移动站内,19598,332,53758,1.69,161.92,2743.04,1.20,63200,4,0,0,63200,4,12,3,15,1.18,35,2,37
2019-04-30,酵素【精准】01-青黛,姿美堂果蔬酵素粉台湾复合水果孝素粉正品男女非果冻梅饮夜间原液,宝贝推广,42967846606,搜索,移动站内,1594,72,43821,4.52,608.63,27491.22,4.17,30600,2,6900,1,37500,3,4,0,4,0.86,9,2,11
2019-04-30,胶原【长尾词】05-鱼腥草,姿美堂 鱼胶原蛋白肽精华粉水解粉口服液液态饮男女性正品非片,宝贝推广,4098099921,搜索,计算机站内,49,0,0,0.00,,0.00,,,,,,,,,,,,,,
2019-04-30,胶原【长尾词】05-鱼腥草,姿美堂 鱼胶原蛋白肽精华粉水解粉口服液液态饮男女性正品非片,宝贝推广,4098099921,定向投放,计算机站内,69,0,0,0.00,,0.00,,,,,,,,,,,,,,
2019-04-30,胶原【长尾词】05-鱼腥草,姿美堂 鱼胶原蛋白肽精华粉水解粉口服液液态饮男女性正品非片,宝贝推广,4098099921,搜索,移动站内,5208,224,55000,4.30,245.54,10560.68,0.89,47600,2,0,0,47600,2,14,4,18,0.87,15,2,17
2019-04-30,胶原【长尾词】05-鱼腥草,姿美堂 鱼胶原蛋白肽精华粉水解粉口服液液态饮男女性正品非片,宝贝推广,4098099921,定向投放,移动站内,161,0,0,0.00,,0.00,,0,0,0,0,0,0,1,0,1,,0,0,0
2019-04-30,胶原【长尾词】05-鱼腥草,姿美堂 鱼胶原蛋白肽精华粉水解粉口服液液态饮男女性正品非片,宝贝推广,4098099921,搜索,移动站外,2,0,0,0.00,,0.00,,,,,,,,,,,,,,
2019-04-30,胶原【智能】01-鱼腥草,姿美堂 鱼胶原蛋白肽精华粉水解粉口服液液态饮男女性正品非片,智能推广,4098099921,搜索,计算机站内,6209,48,5762,0.77,120.04,928.01,4.17,46600,2,0,0,46600,2,0,0,0,8.09,4,1,5
2019-04-30,胶原【智能】01-鱼腥草,姿美堂 鱼胶原蛋白肽精华粉水解粉口服液液态饮男女性正品非片,智能推广,4098099921,搜索,计算机站外,111,0,0,0.00,,0.00,,,,,,,,,,,,,,
2019-04-30,胶原【智能】01-鱼腥草,姿美堂 鱼胶原蛋白肽精华粉水解粉口服液液态饮男女性正品非片,智能推广,4098099921,搜索,移动站内,34427,760,193643,2.21,254.79,5624.74,1.32,161464,6,25535,4,186999,10,45,6,51,0.97,26,15,41
2019-04-30,胶原【智能】01-鱼腥草,姿美堂 鱼胶原蛋白肽精华粉水解粉口服液液态饮男女性正品非片,智能推广,4098099921,搜索,移动站外,566,6,439,1.06,73.17,775.62,,,,,,,,,,,,,,
2019-04-30,胶原【pc定向-】04-鱼腥草,姿美堂 鱼胶原蛋白肽精华粉水解粉口服液液态饮男女性正品非片,宝贝推广,4098099921,定向投放,计算机站内,2508,1,263,0.04,263.00,104.86,0.00,0,0,0,0,0,0,0,1,1,0.00,0,0,0
2019-04-30,胶原【pc定向-】04-鱼腥草,姿美堂 鱼胶原蛋白肽精华粉水解粉口服液液态饮男女性正品非片,宝贝推广,4098099921,定向投放,移动站内,657,1,9,0.15,9.00,13.70,0.00,0,0,0,0,0,0,0,0,0,0.00,1,0,1
2019-04-30,胶原【定向】01-鱼腥草,姿美堂 鱼胶原蛋白肽精华粉水解粉口服液液态饮男女性正品非片,宝贝推广,4098099921,搜索,计算机站内,8,0,0,0.00,,0.00,,,,,,,,,,,,,,
2019-04-30,胶原【定向】01-鱼腥草,姿美堂 鱼胶原蛋白肽精华粉水解粉口服液液态饮男女性正品非片,宝贝推广,4098099921,定向投放,计算机站内,493,0,0,0.00,,0.00,,,,,,,,,,,,,,
2019-04-30,胶原【定向】01-鱼腥草,姿美堂 鱼胶原蛋白肽精华粉水解粉口服液液态饮男女性正品非片,宝贝推广,4098099921,搜索,计算机站外,1,0,0,0.00,,0.00,,,,,,,,,,,,,,
2019-04-30,胶原【定向】01-鱼腥草,姿美堂 鱼胶原蛋白肽精华粉水解粉口服液液态饮男女性正品非片,宝贝推广,4098099921,搜索,移动站内,4,0,0,0.00,,0.00,,,,,,,,,,,,,,
2019-04-30,胶原【定向】01-鱼腥草,姿美堂 鱼胶原蛋白肽精华粉水解粉口服液液态饮男女性正品非片,宝贝推广,4098099921,定向投放,移动站内,19498,346,97016,1.77,280.39,4975.69,4.62,700807,15,36600,1,737407,16,22,1,23,7.60,50,8,58
2019-04-30,胶原【定向】01-鱼腥草,姿美堂 鱼胶原蛋白肽精华粉水解粉口服液液态饮男女性正品非片,宝贝推广,4098099921,搜索,移动站外,9,0,0,0.00,,0.00,,,,,,,,,,,,,,
2019-04-30,胶原【竞品品牌词】01-鱼腥草,姿美堂 鱼胶原蛋白肽精华粉水解粉口服液液态饮男女性正品非片,宝贝推广,4098099921,搜索,计算机站内,1550,2,526,0.13,263.00,339.35,,,,,,,,,,,,,,
2019-04-30,胶原【竞品品牌词】01-鱼腥草,姿美堂 鱼胶原蛋白肽精华粉水解粉口服液液态饮男女性正品非片,宝贝推广,4098099921,定向投放,计算机站内,2,0,0,0.00,,0.00,,,,,,,,,,,,,,
2019-04-30,胶原【竞品品牌词】01-鱼腥草,姿美堂 鱼胶原蛋白肽精华粉水解粉口服液液态饮男女性正品非片,宝贝推广,4098099921,搜索,移动站内,3984,6,1580,0.15,263.33,396.59,0.00,0,0,0,0,0,0,2,0,2,0.00,0,0,0
2019-04-30,胶原【竞品品牌词】01-鱼腥草,姿美堂 鱼胶原蛋白肽精华粉水解粉口服液液态饮男女性正品非片,宝贝推广,4098099921,定向投放,移动站内,5,0,0,0.00,,0.00,,,,,,,,,,,,,,
2019-04-30,胶原【测图】01-鱼腥草,姿美堂 鱼胶原蛋白肽精华粉水解粉口服液液态饮男女性正品非片,宝贝推广,4098099921,搜索,移动站内,6385,207,99765,3.24,481.96,15624.90,0.97,89000,2,0,0,89000,2,7,0,7,0.89,13,4,17
2019-04-30,酵素【定向】01-青黛,姿美堂果蔬酵素粉台湾复合水果孝素粉正品男女非果冻梅饮夜间原液,宝贝推广,42967846606,定向投放,移动站内,66310,945,201940,1.43,213.69,3045.39,5.82,543770,41,214330,14,758100,55,38,6,44,3.75,91,25,116
2019-04-30,酵素【竞品品牌词】01-青黛,姿美堂果蔬酵素粉台湾复合水果孝素粉正品男女非果冻梅饮夜间原液,宝贝推广,42967846606,搜索,移动站内,29,0,0,0.00,,0.00,,,,,,,,,,,,,,
2019-04-30,胶原【长尾词】04-鱼腥草,姿美堂 鱼胶原蛋白肽精华粉水解粉口服液液态饮男女性正品非片,宝贝推广,4098099921,搜索,移动站内,1072,57,18527,5.32,325.04,17282.65,3.51,44599,2,0,0,44599,2,6,0,6,2.41,9,1,10
2019-04-30,胶原【长尾词】04-鱼腥草,姿美堂 鱼胶原蛋白肽精华粉水解粉口服液液态饮男女性正品非片,宝贝推广,4098099921,定向投放,移动站内,29,1,30,3.45,30.00,1034.48,0.00,0,0,0,0,0,0,1,0,1,0.00,0,0,0
2019-04-30,益生菌【智能】01-小鑫,姿美堂复合益生菌冲剂成人肠胃肠道儿童大人益生元调理冻干粉女性,智能推广,547215037045,搜索,移动站内,19759,310,80000,1.57,258.06,4048.79,3.87,96600,11,7900,1,104500,12,13,0,13,1.31,23,1,24
2019-04-30,胶原酵素【自身品牌词】01-鱼腥草,姿美堂果蔬酵素粉台湾复合水果孝素粉正品男女非果冻梅饮夜间原液,宝贝推广,42967846606,搜索,计算机站内,275,3,42,1.09,14.00,152.73,,,,,,,,,,,,,,
2019-04-30,胶原酵素【自身品牌词】01-鱼腥草,姿美堂果蔬酵素粉台湾复合水果孝素粉正品男女非果冻梅饮夜间原液,宝贝推广,42967846606,定向投放,计算机站内,122,0,0,0.00,,0.00,,,,,,,,,,,,,,
2019-04-30,胶原酵素【自身品牌词】01-鱼腥草,姿美堂果蔬酵素粉台湾复合水果孝素粉正品男女非果冻梅饮夜间原液,宝贝推广,42967846606,搜索,移动站内,7974,510,123131,6.40,241.43,15441.56,3.33,125080,12,36820,5,161900,17,26,6,32,1.31,50,12,62
2019-04-30,胶原酵素【自身品牌词】01-鱼腥草,姿美堂果蔬酵素粉台湾复合水果孝素粉正品男女非果冻梅饮夜间原液,宝贝推广,42967846606,定向投放,移动站内,52,1,30,1.92,30.00,576.92,,,,,,,,,,,,,,
2019-04-30,酵素【销量明星-全地域】01-青黛,买3送1姿美堂果蔬酵素粉台湾复合酵素水果孝素非果冻梅夜间原液,销量明星,42967846606,搜索,移动站内,1559,615,55184,39.45,89.73,35397.05,5.85,390900,34,16200,2,407100,36,22,1,23,7.38,88,15,103
2019-04-30,胶原【销量明星-全地域】01-鱼腥草,姿美堂柳橙鱼胶原蛋白质粉肽水解粉口服液液态饮男女性正品非片,销量明星,4098099921,搜索,移动站内,885,311,49969,35.14,160.67,56462.15,4.50,253184,11,97616,3,350800,14,19,5,24,7.02,40,25,65
2019-04-30,胶原酵素【自身品牌词】01-鱼腥草,姿美堂 鱼胶原蛋白肽精华粉水解粉口服液液态饮男女性正品非片,宝贝推广,4098099921,搜索,计算机站内,2,0,0,0.00,,0.00,,,,,,,,,,,,,,
2019-04-30,胶原酵素【自身品牌词】01-鱼腥草,姿美堂 鱼胶原蛋白肽精华粉水解粉口服液液态饮男女性正品非片,宝贝推广,4098099921,定向投放,计算机站内,94,0,0,0.00,,0.00,,,,,,,,,,,,,,
2019-04-30,胶原酵素【自身品牌词】01-鱼腥草,姿美堂 鱼胶原蛋白肽精华粉水解粉口服液液态饮男女性正品非片,宝贝推广,4098099921,搜索,移动站内,799,37,15340,4.63,414.59,19199.00,5.41,57400,2,0,0,57400,2,1,1,2,3.74,2,3,5
2019-04-30,胶原酵素【自身品牌词】01-鱼腥草,姿美堂 鱼胶原蛋白肽精华粉水解粉口服液液态饮男女性正品非片,宝贝推广,4098099921,定向投放,移动站内,19,2,64,10.53,32.00,3368.42,,,,,,,,,,,,,,
2019-04-30,胶原【精准词-新】01-鱼腥草,姿美堂 鱼胶原蛋白肽精华粉水解粉口服液液态饮男女性正品非片,宝贝推广,4098099921,搜索,移动站内,6855,428,300000,6.24,700.93,43763.68,3.27,190200,5,125500,9,315700,14,27,1,28,1.05,40,14,54
2019-04-30,胶原【精准词-新】01-鱼腥草,姿美堂 鱼胶原蛋白肽精华粉水解粉口服液液态饮男女性正品非片,宝贝推广,4098099921,定向投放,移动站内,7,0,0,0.00,,0.00,,,,,,,,,,,,,,
2019-04-30,益生菌【销量明星-全地域】01-鱼腥草,姿美堂复合益生菌冲剂成人肠胃肠道儿童大人益生元调理冻干粉女性,销量明星,547215037045,搜索,移动站内,52,13,1916,25.00,147.38,36846.15,7.69,10350,1,0,0,10350,1,0,0,0,5.40,0,0,0
2019-04-30,酵素【新做竞】01-青黛-,姿美堂果蔬酵素粉台湾复合水果孝素粉正品男女非果冻梅饮夜间原液,宝贝推广,42967846606,搜索,移动站内,811,50,12760,6.17,255.20,15733.66,0.00,0,0,0,0,0,0,3,0,3,0.00,5,2,7
2019-04-30,酵素【新做竞】01-青黛-,姿美堂果蔬酵素粉台湾复合水果孝素粉正品男女非果冻梅饮夜间原液,宝贝推广,42967846606,定向投放,移动站内,3,0,0,0.00,,0.00,,,,,,,,,,,,,,
2019-04-30,酵素【定向】02-青黛,姿美堂果蔬酵素粉台湾复合水果孝素粉正品男女非果冻梅饮夜间原液,宝贝推广,42967846606,定向投放,移动站内,540,7,897,1.30,128.14,1661.11,,,,,,,,,,,,,,
2019-04-30,益生菌测试,姿美堂复合益生菌冲剂成人肠胃肠道儿童大人益生元调理冻干粉女性,宝贝推广,547215037045,搜索,移动站内,9124,154,60000,1.69,389.61,6576.06,1.95,37950,3,0,0,37950,3,6,0,6,0.63,10,2,12
2019-04-30,益生菌测试,姿美堂复合益生菌冲剂成人肠胃肠道儿童大人益生元调理冻干粉女性,宝贝推广,547215037045,定向投放,移动站内,39,0,0,0.00,,0.00,,,,,,,,,,,,,,
2019-04-30,酵素【定向PC】03-青黛,姿美堂果蔬酵素粉台湾复合水果孝素粉正品男女非果冻梅饮夜间原液,宝贝推广,42967846606,定向投放,计算机站内,1530,0,0,0.00,,0.00,,,,,,,,,,,,,,
2019-05-01,胶原【扩词】01-鱼腥草,姿美堂 鱼胶原蛋白肽精华粉水解粉口服液液态饮男女性正品非片,宝贝推广,4098099921,搜索,移动站内,14781,882,459873,5.97,521.40,31112.44,6.01,1100251,38,310648,15,1410899,53,40,4,44,3.07,81,17,98
2019-05-01,胶原【长尾词】02-鱼腥草,姿美堂 鱼胶原蛋白肽精华粉水解粉口服液液态饮男女性正品非片,宝贝推广,4098099921,搜索,计算机站内,3,0,0,0.00,,0.00,,,,,,,,,,,,,,
2019-05-01,胶原【长尾词】02-鱼腥草,姿美堂 鱼胶原蛋白肽精华粉水解粉口服液液态饮男女性正品非片,宝贝推广,4098099921,搜索,移动站内,1522,83,26787,5.45,322.73,17599.87,1.20,0,0,40500,1,40500,1,7,0,7,1.51,10,1,11
2019-05-01,胶原【长尾词】02-鱼腥草,姿美堂 鱼胶原蛋白肽精华粉水解粉口服液液态饮男女性正品非片,宝贝推广,4098099921,搜索,移动站外,15,0,0,0.00,,0.00,,,,,,,,,,,,,,
2019-05-01,胶原【双智能】-南烛,姿美堂 鱼胶原蛋白肽精华粉水解粉口服液液态饮男女性正品非片,宝贝推广,4098099921,搜索,移动站内,10297,372,180879,3.61,486.23,17566.18,3.76,399400,11,40900,3,440300,14,16,1,17,2.43,19,6,25
2019-05-01,胶原【pc端】02-鱼腥草,姿美堂 鱼胶原蛋白肽精华粉水解粉口服液液态饮男女性正品非片,宝贝推广,4098099921,搜索,计算机站内,7454,18,6838,0.24,379.89,917.36,0.00,0,0,0,0,0,0,0,0,0,0.00,2,0,2
2019-05-01,胶原【pc端】02-鱼腥草,姿美堂 鱼胶原蛋白肽精华粉水解粉口服液液态饮男女性正品非片,宝贝推广,4098099921,定向投放,计算机站内,1092,0,0,0.00,,0.00,,,,,,,,,,,,,,
2019-05-01,酵素【扩词-果蔬酵素】01-青黛,姿美堂果蔬酵素粉台湾复合水果孝素粉正品男女非果冻梅饮夜间原液,宝贝推广,42967846606,搜索,移动站内,12871,1511,430000,11.74,284.58,33408.44,8.54,1256598,106,218802,23,1475400,129,65,6,71,3.43,183,46,229
2019-05-01,胶原【长尾词】01-鱼腥草,姿美堂 鱼胶原蛋白肽精华粉水解粉口服液液态饮男女性正品非片,宝贝推广,4098099921,搜索,移动站内,2972,189,50000,6.36,264.55,16823.69,1.06,35007,1,5493,1,40500,2,8,1,9,0.81,7,0,7
2019-05-01,胶原【长尾词】01-鱼腥草,姿美堂 鱼胶原蛋白肽精华粉水解粉口服液液态饮男女性正品非片,宝贝推广,4098099921,搜索,移动站外,9,0,0,0.00,,0.00,,,,,,,,,,,,,,
2019-05-01,酵素【扩词】02-青黛PC,姿美堂果蔬酵素粉台湾复合水果孝素粉正品男女非果冻梅饮夜间原液,宝贝推广,42967846606,搜索,计算机站内,834,57,6044,6.83,106.04,7247.00,5.26,53300,3,0,0,53300,3,0,0,0,8.82,4,0,4
2019-05-01,酵素【扩词-清肠排便】04-青黛,姿美堂果蔬酵素粉台湾复合水果孝素粉正品男女非果冻梅饮夜间原液,宝贝推广,42967846606,搜索,移动站内,5045,328,110049,6.50,335.52,21813.48,9.15,293250,27,42500,3,335750,30,14,2,16,3.05,45,3,48
2019-05-01,酵素【扩词】03-青黛,姿美堂果蔬酵素粉台湾复合水果孝素粉正品男女非果冻梅饮夜间原液,宝贝推广,42967846606,搜索,移动站内,6335,596,179355,9.41,300.93,28311.76,6.88,444250,36,84000,5,528250,41,19,3,22,2.95,74,10,84
2019-05-01,酵素【长尾】04-青黛,姿美堂果蔬酵素粉台湾复合水果孝素粉正品男女非果冻梅饮夜间原液,宝贝推广,42967846606,搜索,移动站内,3450,343,76169,9.94,222.07,22077.97,7.87,222200,22,60300,5,282500,27,16,1,17,3.71,42,6,48
2019-05-01,胶原【定向-】03-鱼腥草,姿美堂 鱼胶原蛋白肽精华粉水解粉口服液液态饮男女性正品非片,宝贝推广,4098099921,搜索,移动站内,312,8,2209,2.56,276.13,7080.13,,,,,,,,,,,,,,
2019-05-01,胶原【定向-】03-鱼腥草,姿美堂 鱼胶原蛋白肽精华粉水解粉口服液液态饮男女性正品非片,宝贝推广,4098099921,定向投放,移动站内,4082,51,10148,1.25,198.98,2486.04,1.96,18800,1,0,0,18800,1,2,0,2,1.85,3,0,3
2019-05-01,胶原【定向1】02-鱼腥草,姿美堂 鱼胶原蛋白肽精华粉水解粉口服液液态饮男女性正品非片,宝贝推广,4098099921,定向投放,移动站内,558,12,1777,2.15,148.08,3184.59,0.00,0,0,0,0,0,0,2,0,2,0.00,3,0,3
2019-05-01,酵素【长尾】01-青黛,姿美堂果蔬酵素粉台湾复合水果孝素粉正品男女非果冻梅饮夜间原液,宝贝推广,42967846606,搜索,移动站内,4021,108,15138,2.69,140.17,3764.74,4.63,26150,3,36600,2,62750,5,3,1,4,4.15,8,3,11
2019-05-01,酵素【长尾】02-青黛,姿美堂果蔬酵素粉台湾复合水果孝素粉正品男女非果冻梅饮夜间原液,宝贝推广,42967846606,搜索,移动站内,2340,120,20252,5.13,168.77,8654.70,2.50,23700,3,0,0,23700,3,4,0,4,1.17,10,1,11
2019-05-01,胶原【长尾词】03-鱼腥草-省油宝长尾A,姿美堂 鱼胶原蛋白肽精华粉水解粉口服液液态饮男女性正品非片,宝贝推广,4098099921,搜索,移动站内,3111,127,50000,4.08,393.70,16072.00,1.57,57400,2,0,0,57400,2,7,0,7,1.15,7,0,7
2019-05-01,酵素【长尾】05-青黛-省油宝长尾B,姿美堂果蔬酵素粉台湾复合水果孝素粉正品男女非果冻梅饮夜间原液,宝贝推广,42967846606,搜索,移动站内,825,74,14365,8.97,194.12,17412.12,2.70,19800,1,8900,1,28700,2,2,0,2,2.00,3,1,4
2019-05-01,酵素【扩词】05-青黛,姿美堂果蔬酵素粉台湾复合水果孝素粉正品男女非果冻梅饮夜间原液,宝贝推广,42967846606,搜索,移动站内,2078,169,50493,8.13,298.78,24298.85,10.06,172710,15,12393,2,185103,17,3,1,4,3.67,17,4,21
2019-05-01,酵素【扩词】01-青黛（减肥）,姿美堂果蔬酵素粉台湾复合水果孝素粉正品男女非果冻梅饮夜间原液,宝贝推广,42967846606,搜索,移动站内,7839,1118,289553,14.26,258.99,36937.49,4.83,461150,45,124600,9,585750,54,56,8,64,2.02,96,13,109
2019-05-01,益生菌【精准词】01-小鑫,姿美堂复合益生菌冲剂成人肠胃肠道儿童大人益生元调理冻干粉女性,宝贝推广,547215037045,搜索,移动站内,9142,567,300000,6.20,529.10,32815.58,4.23,228000,20,89100,4,317100,24,20,1,21,1.06,43,10,53
2019-05-01,益生菌【精准词】01-小鑫,姿美堂复合益生菌冲剂成人肠胃肠道儿童大人益生元调理冻干粉女性,宝贝推广,547215037045,定向投放,移动站内,4122,0,0,0.00,,0.00,,,,,,,,,,,,,,
2019-05-01,酵素【长尾】03-青黛,姿美堂果蔬酵素粉台湾复合水果孝素粉正品男女非果冻梅饮夜间原液,宝贝推广,42967846606,搜索,移动站内,5876,383,70973,6.52,185.31,12078.45,1.57,58475,5,6675,1,65150,6,29,1,30,0.92,37,1,38
2019-05-01,酵素【智能】01-青黛,姿美堂果蔬酵素粉台湾复合水果孝素粉正品男女非果冻梅饮夜间原液,智能推广,42967846606,搜索,移动站内,25193,328,51716,1.30,157.67,2052.79,1.52,62200,5,0,0,62200,5,14,1,15,1.20,11,3,14
2019-05-01,酵素【精准】01-青黛,姿美堂果蔬酵素粉台湾复合水果孝素粉正品男女非果冻梅饮夜间原液,宝贝推广,42967846606,搜索,移动站内,738,27,16276,3.66,602.81,22054.20,3.70,7900,1,0,0,7900,1,2,0,2,0.49,1,0,1
2019-05-01,胶原【长尾词】05-鱼腥草,姿美堂 鱼胶原蛋白肽精华粉水解粉口服液液态饮男女性正品非片,宝贝推广,4098099921,搜索,计算机站内,19,0,0,0.00,,0.00,,,,,,,,,,,,,,
2019-05-01,胶原【长尾词】05-鱼腥草,姿美堂 鱼胶原蛋白肽精华粉水解粉口服液液态饮男女性正品非片,宝贝推广,4098099921,定向投放,计算机站内,92,0,0,0.00,,0.00,,,,,,,,,,,,,,
2019-05-01,胶原【长尾词】05-鱼腥草,姿美堂 鱼胶原蛋白肽精华粉水解粉口服液液态饮男女性正品非片,宝贝推广,4098099921,搜索,计算机站外,8,0,0,0.00,,0.00,,,,,,,,,,,,,,
2019-05-01,胶原【长尾词】05-鱼腥草,姿美堂 鱼胶原蛋白肽精华粉水解粉口服液液态饮男女性正品非片,宝贝推广,4098099921,搜索,移动站内,5737,222,55000,3.87,247.75,9586.89,2.25,151119,4,5581,1,156700,5,10,2,12,2.85,18,3,21
2019-05-01,胶原【长尾词】05-鱼腥草,姿美堂 鱼胶原蛋白肽精华粉水解粉口服液液态饮男女性正品非片,宝贝推广,4098099921,定向投放,移动站内,220,0,0,0.00,,0.00,,,,,,,,,,,,,,
2019-05-01,胶原【长尾词】05-鱼腥草,姿美堂 鱼胶原蛋白肽精华粉水解粉口服液液态饮男女性正品非片,宝贝推广,4098099921,搜索,移动站外,3,0,0,0.00,,0.00,,,,,,,,,,,,,,
2019-05-01,胶原【智能】01-鱼腥草,姿美堂 鱼胶原蛋白肽精华粉水解粉口服液液态饮男女性正品非片,智能推广,4098099921,搜索,计算机站内,4473,13,1721,0.29,132.38,384.75,0.00,0,0,0,0,0,0,0,0,0,0.00,1,0,1
2019-05-01,胶原【智能】01-鱼腥草,姿美堂 鱼胶原蛋白肽精华粉水解粉口服液液态饮男女性正品非片,智能推广,4098099921,搜索,计算机站外,72,0,0,0.00,,0.00,,,,,,,,,,,,,,
2019-05-01,胶原【智能】01-鱼腥草,姿美堂 鱼胶原蛋白肽精华粉水解粉口服液液态饮男女性正品非片,智能推广,4098099921,搜索,移动站内,32819,707,179379,2.15,253.72,5465.71,0.57,117000,3,6900,1,123900,4,27,4,31,0.69,30,8,38
2019-05-01,胶原【智能】01-鱼腥草,姿美堂 鱼胶原蛋白肽精华粉水解粉口服液液态饮男女性正品非片,智能推广,4098099921,搜索,移动站外,599,4,291,0.67,72.75,485.81,,,,,,,,,,,,,,
2019-05-01,胶原【pc定向-】04-鱼腥草,姿美堂 鱼胶原蛋白肽精华粉水解粉口服液液态饮男女性正品非片,宝贝推广,4098099921,定向投放,计算机站内,1683,0,0,0.00,,0.00,,,,,,,,,,,,,,
2019-05-01,胶原【pc定向-】04-鱼腥草,姿美堂 鱼胶原蛋白肽精华粉水解粉口服液液态饮男女性正品非片,宝贝推广,4098099921,定向投放,计算机站外,6,0,0,0.00,,0.00,,,,,,,,,,,,,,
2019-05-01,胶原【pc定向-】04-鱼腥草,姿美堂 鱼胶原蛋白肽精华粉水解粉口服液液态饮男女性正品非片,宝贝推广,4098099921,定向投放,移动站内,422,0,0,0.00,,0.00,,,,,,,,,,,,,,
2019-05-01,胶原【定向】01-鱼腥草,姿美堂 鱼胶原蛋白肽精华粉水解粉口服液液态饮男女性正品非片,宝贝推广,4098099921,搜索,计算机站内,8,0,0,0.00,,0.00,,,,,,,,,,,,,,
2019-05-01,胶原【定向】01-鱼腥草,姿美堂 鱼胶原蛋白肽精华粉水解粉口服液液态饮男女性正品非片,宝贝推广,4098099921,定向投放,计算机站内,496,0,0,0.00,,0.00,,,,,,,,,,,,,,
2019-05-01,胶原【定向】01-鱼腥草,姿美堂 鱼胶原蛋白肽精华粉水解粉口服液液态饮男女性正品非片,宝贝推广,4098099921,搜索,移动站内,3,0,0,0.00,,0.00,,,,,,,,,,,,,,
2019-05-01,胶原【定向】01-鱼腥草,姿美堂 鱼胶原蛋白肽精华粉水解粉口服液液态饮男女性正品非片,宝贝推广,4098099921,定向投放,移动站内,21696,370,105649,1.71,285.54,4869.52,2.43,142800,5,70550,4,213350,9,23,1,24,2.02,37,9,46
2019-05-01,胶原【定向】01-鱼腥草,姿美堂 鱼胶原蛋白肽精华粉水解粉口服液液态饮男女性正品非片,宝贝推广,4098099921,搜索,移动站外,2,0,0,0.00,,0.00,,,,,,,,,,,,,,
2019-05-01,胶原【竞品品牌词】01-鱼腥草,姿美堂 鱼胶原蛋白肽精华粉水解粉口服液液态饮男女性正品非片,宝贝推广,4098099921,搜索,计算机站内,1208,2,499,0.17,249.50,413.08,,,,,,,,,,,,,,
2019-05-01,胶原【竞品品牌词】01-鱼腥草,姿美堂 鱼胶原蛋白肽精华粉水解粉口服液液态饮男女性正品非片,宝贝推广,4098099921,定向投放,计算机站内,2,0,0,0.00,,0.00,,,,,,,,,,,,,,
2019-05-01,胶原【竞品品牌词】01-鱼腥草,姿美堂 鱼胶原蛋白肽精华粉水解粉口服液液态饮男女性正品非片,宝贝推广,4098099921,搜索,移动站内,5542,4,875,0.07,218.75,157.89,,,,,,,,,,,,,,
2019-05-01,胶原【竞品品牌词】01-鱼腥草,姿美堂 鱼胶原蛋白肽精华粉水解粉口服液液态饮男女性正品非片,宝贝推广,4098099921,定向投放,移动站内,3,0,0,0.00,,0.00,,,,,,,,,,,,,,
2019-05-01,胶原【测图】01-鱼腥草,姿美堂 鱼胶原蛋白肽精华粉水解粉口服液液态饮男女性正品非片,宝贝推广,4098099921,搜索,移动站内,4788,123,58476,2.57,475.41,12213.03,1.63,38600,1,47400,1,86000,2,10,0,10,1.47,6,0,6
2019-05-01,酵素【定向】01-青黛,姿美堂果蔬酵素粉台湾复合水果孝素粉正品男女非果冻梅饮夜间原液,宝贝推广,42967846606,定向投放,移动站内,37890,425,79147,1.12,186.23,2088.86,4.94,257589,20,25111,1,282700,21,22,1,23,3.57,58,6,64
2019-05-01,酵素【竞品品牌词】01-青黛,姿美堂果蔬酵素粉台湾复合水果孝素粉正品男女非果冻梅饮夜间原液,宝贝推广,42967846606,搜索,移动站内,17,2,252,11.76,126.00,14823.53,,,,,,,,,,,,,,
2019-05-01,胶原【长尾词】04-鱼腥草,姿美堂 鱼胶原蛋白肽精华粉水解粉口服液液态饮男女性正品非片,宝贝推广,4098099921,搜索,移动站内,923,63,20594,6.83,326.89,22312.03,3.17,0,0,17800,2,17800,2,3,0,3,0.86,7,1,8
2019-05-01,胶原【长尾词】04-鱼腥草,姿美堂 鱼胶原蛋白肽精华粉水解粉口服液液态饮男女性正品非片,宝贝推广,4098099921,定向投放,移动站内,16,0,0,0.00,,0.00,,,,,,,,,,,,,,
2019-05-01,益生菌【智能】01-小鑫,姿美堂复合益生菌冲剂成人肠胃肠道儿童大人益生元调理冻干粉女性,智能推广,547215037045,搜索,移动站内,15054,291,80000,1.93,274.91,5314.20,1.72,36000,4,22800,1,58800,5,14,2,16,0.74,14,0,14
2019-05-01,胶原酵素【自身品牌词】01-鱼腥草,姿美堂果蔬酵素粉台湾复合水果孝素粉正品男女非果冻梅饮夜间原液,宝贝推广,42967846606,搜索,计算机站内,156,3,42,1.92,14.00,269.23,100.00,54300,3,0,0,54300,3,0,0,0,1292.86,1,0,1
2019-05-01,胶原酵素【自身品牌词】01-鱼腥草,姿美堂果蔬酵素粉台湾复合水果孝素粉正品男女非果冻梅饮夜间原液,宝贝推广,42967846606,定向投放,计算机站内,39,1,29,2.56,29.00,743.59,,,,,,,,,,,,,,
2019-05-01,胶原酵素【自身品牌词】01-鱼腥草,姿美堂果蔬酵素粉台湾复合水果孝素粉正品男女非果冻梅饮夜间原液,宝贝推广,42967846606,搜索,移动站内,5412,305,71880,5.64,235.67,13281.60,4.59,134300,11,32700,3,167000,14,17,0,17,2.32,22,5,27
2019-05-01,胶原酵素【自身品牌词】01-鱼腥草,姿美堂果蔬酵素粉台湾复合水果孝素粉正品男女非果冻梅饮夜间原液,宝贝推广,42967846606,定向投放,移动站内,52,2,62,3.85,31.00,1192.31,,,,,,,,,,,,,,
2019-05-01,酵素【销量明星-全地域】01-青黛,买3送1姿美堂果蔬酵素粉台湾复合酵素水果孝素非果冻梅夜间原液,销量明星,42967846606,搜索,移动站内,1407,525,42767,37.31,81.46,30395.88,5.71,413600,30,0,0,413600,30,26,4,30,9.67,56,4,60
2019-05-01,胶原【销量明星-全地域】01-鱼腥草,姿美堂柳橙鱼胶原蛋白质粉肽水解粉口服液液态饮男女性正品非片,销量明星,4098099921,搜索,移动站内,507,180,21781,35.50,121.01,42960.55,8.89,572800,16,0,0,572800,16,7,4,11,26.30,23,2,25
2019-05-01,胶原酵素【自身品牌词】01-鱼腥草,姿美堂 鱼胶原蛋白肽精华粉水解粉口服液液态饮男女性正品非片,宝贝推广,4098099921,定向投放,计算机站内,60,0,0,0.00,,0.00,,,,,,,,,,,,,,
2019-05-01,胶原酵素【自身品牌词】01-鱼腥草,姿美堂 鱼胶原蛋白肽精华粉水解粉口服液液态饮男女性正品非片,宝贝推广,4098099921,搜索,移动站内,587,43,16443,7.33,382.40,28011.93,9.30,132600,4,0,0,132600,4,0,1,1,8.06,7,0,7
2019-05-01,胶原酵素【自身品牌词】01-鱼腥草,姿美堂 鱼胶原蛋白肽精华粉水解粉口服液液态饮男女性正品非片,宝贝推广,4098099921,定向投放,移动站内,22,0,0,0.00,,0.00,,,,,,,,,,,,,,
2019-05-01,胶原【精准词-新】01-鱼腥草,姿美堂 鱼胶原蛋白肽精华粉水解粉口服液液态饮男女性正品非片,宝贝推广,4098099921,搜索,移动站内,5373,433,300000,8.06,692.84,55834.73,2.54,206319,8,21381,3,227700,11,25,1,26,0.76,39,8,47
2019-05-01,胶原【精准词-新】01-鱼腥草,姿美堂 鱼胶原蛋白肽精华粉水解粉口服液液态饮男女性正品非片,宝贝推广,4098099921,定向投放,移动站内,4,0,0,0.00,,0.00,,,,,,,,,,,,,,
2019-05-01,益生菌【销量明星-全地域】01-鱼腥草,姿美堂复合益生菌冲剂成人肠胃肠道儿童大人益生元调理冻干粉女性,销量明星,547215037045,搜索,移动站内,41,11,1745,26.83,158.64,42560.98,9.09,25700,1,0,0,25700,1,0,0,0,14.73,1,0,1
2019-05-01,酵素【新做竞】01-青黛-,姿美堂果蔬酵素粉台湾复合水果孝素粉正品男女非果冻梅饮夜间原液,宝贝推广,42967846606,搜索,移动站内,1013,62,16182,6.12,261.00,15974.33,4.84,27650,3,0,0,27650,3,3,2,5,1.71,7,0,7
2019-05-01,酵素【新做竞】01-青黛-,姿美堂果蔬酵素粉台湾复合水果孝素粉正品男女非果冻梅饮夜间原液,宝贝推广,42967846606,定向投放,移动站内,32,1,30,3.13,30.00,937.50,,,,,,,,,,,,,,
2019-05-01,酵素【定向】02-青黛,姿美堂果蔬酵素粉台湾复合水果孝素粉正品男女非果冻梅饮夜间原液,宝贝推广,42967846606,定向投放,移动站内,8615,243,42602,2.82,175.32,4945.10,4.94,146381,11,4569,1,150950,12,12,2,14,3.54,20,4,24
2019-05-01,益生菌测试,姿美堂复合益生菌冲剂成人肠胃肠道儿童大人益生元调理冻干粉女性,宝贝推广,547215037045,搜索,移动站内,7395,152,60000,2.06,394.74,8113.59,1.97,18875,2,8474,1,27349,3,7,1,8,0.46,13,3,16
2019-05-01,益生菌测试,姿美堂复合益生菌冲剂成人肠胃肠道儿童大人益生元调理冻干粉女性,宝贝推广,547215037045,定向投放,移动站内,8,0,0,0.00,,0.00,,,,,,,,,,,,,,
2019-05-01,酵素【定向PC】03-青黛,姿美堂果蔬酵素粉台湾复合水果孝素粉正品男女非果冻梅饮夜间原液,宝贝推广,42967846606,定向投放,计算机站内,1009,3,461,0.30,153.67,456.89,,,,,,,,,,,,,,
2019-05-02,胶原【扩词】01-鱼腥草,姿美堂 鱼胶原蛋白肽精华粉水解粉口服液液态饮男女性正品非片,宝贝推广,4098099921,搜索,移动站内,15884,991,517435,6.24,522.13,32575.86,4.84,1083976,36,194442,12,1278418,48,62,8,70,2.47,104,29,133
2019-05-02,胶原【长尾词】02-鱼腥草,姿美堂 鱼胶原蛋白肽精华粉水解粉口服液液态饮男女性正品非片,宝贝推广,4098099921,搜索,计算机站内,3,0,0,0.00,,0.00,,,,,,,,,,,,,,
2019-05-02,胶原【长尾词】02-鱼腥草,姿美堂 鱼胶原蛋白肽精华粉水解粉口服液液态饮男女性正品非片,宝贝推广,4098099921,搜索,移动站内,1720,94,29738,5.47,316.36,17289.53,6.38,199800,4,39700,2,239500,6,2,0,2,8.05,10,3,13
2019-05-02,胶原【长尾词】02-鱼腥草,姿美堂 鱼胶原蛋白肽精华粉水解粉口服液液态饮男女性正品非片,宝贝推广,4098099921,搜索,移动站外,31,2,80,6.45,40.00,2580.65,,,,,,,,,,,,,,
2019-05-02,胶原【双智能】-南烛,姿美堂 鱼胶原蛋白肽精华粉水解粉口服液液态饮男女性正品非片,宝贝推广,4098099921,搜索,移动站内,13210,433,201957,3.28,466.41,15288.19,4.39,463607,14,60893,5,524500,19,32,0,32,2.60,35,7,42
2019-05-02,胶原【pc端】02-鱼腥草,姿美堂 鱼胶原蛋白肽精华粉水解粉口服液液态饮男女性正品非片,宝贝推广,4098099921,搜索,计算机站内,11479,51,14218,0.44,278.78,1238.61,3.92,43600,2,0,0,43600,2,1,1,2,3.07,3,0,3
2019-05-02,胶原【pc端】02-鱼腥草,姿美堂 鱼胶原蛋白肽精华粉水解粉口服液液态饮男女性正品非片,宝贝推广,4098099921,定向投放,计算机站内,1131,0,0,0.00,,0.00,,,,,,,,,,,,,,
2019-05-02,酵素【扩词-果蔬酵素】01-青黛,姿美堂果蔬酵素粉台湾复合水果孝素粉正品男女非果冻梅饮夜间原液,宝贝推广,42967846606,搜索,移动站内,12092,1396,430000,11.54,308.02,35560.70,5.30,709833,59,157467,15,867300,74,60,9,69,2.02,142,24,166
2019-05-02,胶原【长尾词】01-鱼腥草,姿美堂 鱼胶原蛋白肽精华粉水解粉口服液液态饮男女性正品非片,宝贝推广,4098099921,搜索,移动站内,3470,173,49316,4.99,285.06,14212.10,0.00,0,0,0,0,0,0,2,0,2,0.00,5,0,5
2019-05-02,胶原【长尾词】01-鱼腥草,姿美堂 鱼胶原蛋白肽精华粉水解粉口服液液态饮男女性正品非片,宝贝推广,4098099921,搜索,移动站外,6,0,0,0.00,,0.00,,,,,,,,,,,,,,
2019-05-02,酵素【扩词】02-青黛PC,姿美堂果蔬酵素粉台湾复合水果孝素粉正品男女非果冻梅饮夜间原液,宝贝推广,42967846606,搜索,计算机站内,1003,50,4901,4.99,98.02,4886.34,6.00,39600,2,9300,1,48900,3,1,0,1,9.98,3,1,4
2019-05-02,酵素【扩词-清肠排便】04-青黛,姿美堂果蔬酵素粉台湾复合水果孝素粉正品男女非果冻梅饮夜间原液,宝贝推广,42967846606,搜索,移动站内,2493,137,50000,5.50,364.96,20056.16,6.57,87100,8,6900,1,94000,9,7,0,7,1.88,28,3,31
2019-05-02,酵素【扩词】03-青黛,姿美堂果蔬酵素粉台湾复合水果孝素粉正品男女非果冻梅饮夜间原液,宝贝推广,42967846606,搜索,移动站内,4257,326,100000,7.66,306.75,23490.72,3.68,112750,10,36600,2,149350,12,16,0,16,1.49,49,6,55
2019-05-02,酵素【长尾】04-青黛,姿美堂果蔬酵素粉台湾复合水果孝素粉正品男女非果冻梅饮夜间原液,宝贝推广,42967846606,搜索,移动站内,4175,437,100000,10.47,228.83,23952.10,4.81,160933,16,28467,5,189400,21,19,3,22,1.89,41,6,47
2019-05-02,胶原【定向-】03-鱼腥草,姿美堂 鱼胶原蛋白肽精华粉水解粉口服液液态饮男女性正品非片,宝贝推广,4098099921,搜索,移动站内,353,9,2428,2.55,269.78,6878.19,0.00,0,0,0,0,0,0,1,0,1,0.00,0,0,0
2019-05-02,胶原【定向-】03-鱼腥草,姿美堂 鱼胶原蛋白肽精华粉水解粉口服液液态饮男女性正品非片,宝贝推广,4098099921,定向投放,移动站内,2436,31,5509,1.27,177.71,2261.49,3.23,0,0,3100,1,3100,1,3,0,3,0.56,2,3,5
2019-05-02,胶原【定向1】02-鱼腥草,姿美堂 鱼胶原蛋白肽精华粉水解粉口服液液态饮男女性正品非片,宝贝推广,4098099921,定向投放,移动站内,452,4,336,0.89,84.00,743.36,0.00,0,0,0,0,0,0,1,0,1,0.00,1,0,1
2019-05-02,酵素【长尾】01-青黛,姿美堂果蔬酵素粉台湾复合水果孝素粉正品男女非果冻梅饮夜间原液,宝贝推广,42967846606,搜索,移动站内,2137,87,13232,4.07,152.09,6191.86,1.15,22700,1,0,0,22700,1,6,0,6,1.72,7,0,7
2019-05-02,酵素【长尾】02-青黛,姿美堂果蔬酵素粉台湾复合水果孝素粉正品男女非果冻梅饮夜间原液,宝贝推广,42967846606,搜索,移动站内,2370,131,22548,5.53,172.12,9513.92,4.58,68200,6,0,0,68200,6,5,0,5,3.02,13,1,14
2019-05-02,胶原【长尾词】03-鱼腥草-省油宝长尾A,姿美堂 鱼胶原蛋白肽精华粉水解粉口服液液态饮男女性正品非片,宝贝推广,4098099921,搜索,移动站内,3940,123,50000,3.12,406.50,12690.36,0.00,0,0,0,0,0,0,10,0,10,0.00,5,1,6
2019-05-02,酵素【长尾】05-青黛-省油宝长尾B,姿美堂果蔬酵素粉台湾复合水果孝素粉正品男女非果冻梅饮夜间原液,宝贝推广,42967846606,搜索,移动站内,1058,78,17373,7.37,222.73,16420.60,3.85,29650,3,0,0,29650,3,1,0,1,1.71,6,0,6
2019-05-02,酵素【扩词】05-青黛,姿美堂果蔬酵素粉台湾复合水果孝素粉正品男女非果冻梅饮夜间原液,宝贝推广,42967846606,搜索,移动站内,4579,311,94916,6.79,305.20,20728.54,7.72,193650,18,63100,6,256750,24,15,4,19,2.71,35,10,45
2019-05-02,酵素【扩词】01-青黛（减肥）,姿美堂果蔬酵素粉台湾复合水果孝素粉正品男女非果冻梅饮夜间原液,宝贝推广,42967846606,搜索,移动站内,2289,431,109000,18.83,252.90,47619.05,3.25,159475,11,31375,3,190850,14,22,0,22,1.75,36,6,42
2019-05-02,益生菌【精准词】01-小鑫,姿美堂复合益生菌冲剂成人肠胃肠道儿童大人益生元调理冻干粉女性,宝贝推广,547215037045,搜索,移动站内,13349,575,299248,4.31,520.43,22417.26,2.43,139069,13,22099,1,161168,14,28,4,32,0.54,52,6,58
2019-05-02,益生菌【精准词】01-小鑫,姿美堂复合益生菌冲剂成人肠胃肠道儿童大人益生元调理冻干粉女性,宝贝推广,547215037045,定向投放,移动站内,8545,8,752,0.09,94.00,88.00,0.00,0,0,0,0,0,0,1,0,1,0.00,0,0,0
2019-05-02,酵素【长尾】03-青黛,姿美堂果蔬酵素粉台湾复合水果孝素粉正品男女非果冻梅饮夜间原液,宝贝推广,42967846606,搜索,移动站内,2609,185,34000,7.09,183.78,13031.81,2.16,27700,3,6900,1,34600,4,5,0,5,1.02,17,3,20
2019-05-02,酵素【智能】01-青黛,姿美堂果蔬酵素粉台湾复合水果孝素粉正品男女非果冻梅饮夜间原液,智能推广,42967846606,搜索,移动站内,18347,426,71875,2.32,168.72,3917.53,3.05,117700,11,29600,2,147300,13,15,2,17,2.05,27,5,32
2019-05-02,酵素【精准】01-青黛,姿美堂果蔬酵素粉台湾复合水果孝素粉正品男女非果冻梅饮夜间原液,宝贝推广,42967846606,搜索,移动站内,768,36,20941,4.69,581.69,27266.93,2.78,9900,1,0,0,9900,1,2,0,2,0.47,6,0,6
2019-05-02,胶原【长尾词】05-鱼腥草,姿美堂 鱼胶原蛋白肽精华粉水解粉口服液液态饮男女性正品非片,宝贝推广,4098099921,搜索,计算机站内,39,0,0,0.00,,0.00,,,,,,,,,,,,,,
2019-05-02,胶原【长尾词】05-鱼腥草,姿美堂 鱼胶原蛋白肽精华粉水解粉口服液液态饮男女性正品非片,宝贝推广,4098099921,定向投放,计算机站内,65,0,0,0.00,,0.00,,,,,,,,,,,,,,
2019-05-02,胶原【长尾词】05-鱼腥草,姿美堂 鱼胶原蛋白肽精华粉水解粉口服液液态饮男女性正品非片,宝贝推广,4098099921,搜索,移动站内,11266,224,54841,1.99,244.83,4867.83,0.89,76200,2,0,0,76200,2,13,0,13,1.39,13,2,15
2019-05-02,胶原【长尾词】05-鱼腥草,姿美堂 鱼胶原蛋白肽精华粉水解粉口服液液态饮男女性正品非片,宝贝推广,4098099921,定向投放,移动站内,278,2,60,0.72,30.00,215.83,,,,,,,,,,,,,,
2019-05-02,胶原【长尾词】05-鱼腥草,姿美堂 鱼胶原蛋白肽精华粉水解粉口服液液态饮男女性正品非片,宝贝推广,4098099921,搜索,移动站外,6,0,0,0.00,,0.00,,,,,,,,,,,,,,
2019-05-02,胶原【智能】01-鱼腥草,姿美堂 鱼胶原蛋白肽精华粉水解粉口服液液态饮男女性正品非片,智能推广,4098099921,搜索,计算机站内,4059,16,2018,0.39,126.13,497.17,0.00,0,0,0,0,0,0,0,0,0,0.00,1,0,1
2019-05-02,胶原【智能】01-鱼腥草,姿美堂 鱼胶原蛋白肽精华粉水解粉口服液液态饮男女性正品非片,智能推广,4098099921,搜索,计算机站外,155,0,0,0.00,,0.00,,,,,,,,,,,,,,
2019-05-02,胶原【智能】01-鱼腥草,姿美堂 鱼胶原蛋白肽精华粉水解粉口服液液态饮男女性正品非片,智能推广,4098099921,搜索,移动站内,42737,763,196839,1.79,257.98,4605.82,1.18,75200,4,33500,5,108700,9,35,2,37,0.55,48,8,56
2019-05-02,胶原【智能】01-鱼腥草,姿美堂 鱼胶原蛋白肽精华粉水解粉口服液液态饮男女性正品非片,智能推广,4098099921,搜索,移动站外,679,9,719,1.33,79.89,1058.91,,,,,,,,,,,,,,
2019-05-02,胶原【pc定向-】04-鱼腥草,姿美堂 鱼胶原蛋白肽精华粉水解粉口服液液态饮男女性正品非片,宝贝推广,4098099921,定向投放,计算机站内,2035,2,498,0.10,249.00,244.72,,,,,,,,,,,,,,
2019-05-02,胶原【pc定向-】04-鱼腥草,姿美堂 鱼胶原蛋白肽精华粉水解粉口服液液态饮男女性正品非片,宝贝推广,4098099921,定向投放,移动站内,871,0,0,0.00,,0.00,,,,,,,,,,,,,,
2019-05-02,胶原【定向】01-鱼腥草,姿美堂 鱼胶原蛋白肽精华粉水解粉口服液液态饮男女性正品非片,宝贝推广,4098099921,搜索,计算机站内,3,0,0,0.00,,0.00,,,,,,,,,,,,,,
2019-05-02,胶原【定向】01-鱼腥草,姿美堂 鱼胶原蛋白肽精华粉水解粉口服液液态饮男女性正品非片,宝贝推广,4098099921,定向投放,计算机站内,351,0,0,0.00,,0.00,,,,,,,,,,,,,,
2019-05-02,胶原【定向】01-鱼腥草,姿美堂 鱼胶原蛋白肽精华粉水解粉口服液液态饮男女性正品非片,宝贝推广,4098099921,定向投放,移动站内,17845,278,79563,1.56,286.20,4458.56,6.83,378933,14,35166,5,414099,19,25,3,28,5.20,35,11,46
2019-05-02,胶原【定向】01-鱼腥草,姿美堂 鱼胶原蛋白肽精华粉水解粉口服液液态饮男女性正品非片,宝贝推广,4098099921,定向投放,移动站外,1,2,10,200.00,5.00,10000.00,,,,,,,,,,,,,,
2019-05-02,胶原【竞品品牌词】01-鱼腥草,姿美堂 鱼胶原蛋白肽精华粉水解粉口服液液态饮男女性正品非片,宝贝推广,4098099921,搜索,计算机站内,882,1,250,0.11,250.00,283.45,,,,,,,,,,,,,,
2019-05-02,胶原【竞品品牌词】01-鱼腥草,姿美堂 鱼胶原蛋白肽精华粉水解粉口服液液态饮男女性正品非片,宝贝推广,4098099921,定向投放,计算机站内,1,0,0,0.00,,0.00,,,,,,,,,,,,,,
2019-05-02,胶原【竞品品牌词】01-鱼腥草,姿美堂 鱼胶原蛋白肽精华粉水解粉口服液液态饮男女性正品非片,宝贝推广,4098099921,搜索,移动站内,14783,11,2456,0.07,223.27,166.14,,,,,,,,,,,,,,
2019-05-02,胶原【竞品品牌词】01-鱼腥草,姿美堂 鱼胶原蛋白肽精华粉水解粉口服液液态饮男女性正品非片,宝贝推广,4098099921,定向投放,移动站内,2,0,0,0.00,,0.00,,,,,,,,,,,,,,
2019-05-02,胶原【测图】01-鱼腥草,姿美堂 鱼胶原蛋白肽精华粉水解粉口服液液态饮男女性正品非片,宝贝推广,4098099921,搜索,移动站内,5352,159,74831,2.97,470.64,13981.88,1.26,42600,2,0,0,42600,2,11,2,13,0.57,13,2,15
2019-05-02,酵素【定向】01-青黛,姿美堂果蔬酵素粉台湾复合水果孝素粉正品男女非果冻梅饮夜间原液,宝贝推广,42967846606,定向投放,移动站内,43217,597,150100,1.38,251.42,3473.17,2.85,201000,13,46150,4,247150,17,21,1,22,1.65,58,8,66
2019-05-02,酵素【竞品品牌词】01-青黛,姿美堂果蔬酵素粉台湾复合水果孝素粉正品男女非果冻梅饮夜间原液,宝贝推广,42967846606,搜索,移动站内,8,0,0,0.00,,0.00,,,,,,,,,,,,,,
2019-05-02,胶原【长尾词】04-鱼腥草,姿美堂 鱼胶原蛋白肽精华粉水解粉口服液液态饮男女性正品非片,宝贝推广,4098099921,搜索,移动站内,1095,66,21964,6.03,332.79,20058.45,0.00,0,0,0,0,0,0,4,0,4,0.00,5,1,6
2019-05-02,胶原【长尾词】04-鱼腥草,姿美堂 鱼胶原蛋白肽精华粉水解粉口服液液态饮男女性正品非片,宝贝推广,4098099921,定向投放,移动站内,5,0,0,0.00,,0.00,,,,,,,,,,,,,,
2019-05-02,益生菌【智能】01-小鑫,姿美堂复合益生菌冲剂成人肠胃肠道儿童大人益生元调理冻干粉女性,智能推广,547215037045,搜索,移动站内,17699,292,80000,1.65,273.97,4520.03,3.77,111800,10,21800,1,133600,11,14,1,15,1.67,20,0,20
2019-05-02,胶原酵素【自身品牌词】01-鱼腥草,姿美堂果蔬酵素粉台湾复合水果孝素粉正品男女非果冻梅饮夜间原液,宝贝推广,42967846606,搜索,计算机站内,157,1,5,0.64,5.00,31.85,,,,,,,,,,,,,,
2019-05-02,胶原酵素【自身品牌词】01-鱼腥草,姿美堂果蔬酵素粉台湾复合水果孝素粉正品男女非果冻梅饮夜间原液,宝贝推广,42967846606,定向投放,计算机站内,153,0,0,0.00,,0.00,,,,,,,,,,,,,,
2019-05-02,胶原酵素【自身品牌词】01-鱼腥草,姿美堂果蔬酵素粉台湾复合水果孝素粉正品男女非果冻梅饮夜间原液,宝贝推广,42967846606,搜索,移动站内,6794,469,106620,6.90,227.33,15693.26,3.62,150425,13,51575,4,202000,17,12,1,13,1.89,42,8,50
2019-05-02,胶原酵素【自身品牌词】01-鱼腥草,姿美堂果蔬酵素粉台湾复合水果孝素粉正品男女非果冻梅饮夜间原液,宝贝推广,42967846606,定向投放,移动站内,140,1,31,0.71,31.00,221.43,,,,,,,,,,,,,,
2019-05-02,酵素【销量明星-全地域】01-青黛,买3送1姿美堂果蔬酵素粉台湾复合酵素水果孝素非果冻梅夜间原液,销量明星,42967846606,搜索,移动站内,806,259,32003,32.13,123.56,39705.96,9.27,201869,15,104981,9,306850,24,12,3,15,9.59,32,17,49
2019-05-02,胶原【销量明星-全地域】01-鱼腥草,姿美堂柳橙鱼胶原蛋白质粉肽水解粉口服液液态饮男女性正品非片,销量明星,4098099921,搜索,移动站内,597,206,22716,34.51,110.27,38050.25,4.37,295716,7,12783,2,308499,9,16,1,17,13.58,28,7,35
2019-05-02,胶原酵素【自身品牌词】01-鱼腥草,姿美堂 鱼胶原蛋白肽精华粉水解粉口服液液态饮男女性正品非片,宝贝推广,4098099921,搜索,计算机站内,1,0,0,0.00,,0.00,,,,,,,,,,,,,,
2019-05-02,胶原酵素【自身品牌词】01-鱼腥草,姿美堂 鱼胶原蛋白肽精华粉水解粉口服液液态饮男女性正品非片,宝贝推广,4098099921,定向投放,计算机站内,72,0,0,0.00,,0.00,,,,,,,,,,,,,,
2019-05-02,胶原酵素【自身品牌词】01-鱼腥草,姿美堂 鱼胶原蛋白肽精华粉水解粉口服液液态饮男女性正品非片,宝贝推广,4098099921,搜索,移动站内,573,48,22951,8.38,478.15,40054.10,6.25,55400,2,50600,1,106000,3,0,1,1,4.62,3,3,6
2019-05-02,胶原酵素【自身品牌词】01-鱼腥草,姿美堂 鱼胶原蛋白肽精华粉水解粉口服液液态饮男女性正品非片,宝贝推广,4098099921,定向投放,移动站内,11,0,0,0.00,,0.00,,,,,,,,,,,,,,
2019-05-02,胶原【精准词-新】01-鱼腥草,姿美堂 鱼胶原蛋白肽精华粉水解粉口服液液态饮男女性正品非片,宝贝推广,4098099921,搜索,移动站内,6518,431,300000,6.61,696.06,46026.39,3.02,340512,10,20988,3,361500,13,33,3,36,1.21,44,11,55
2019-05-02,胶原【精准词-新】01-鱼腥草,姿美堂 鱼胶原蛋白肽精华粉水解粉口服液液态饮男女性正品非片,宝贝推广,4098099921,定向投放,移动站内,3,0,0,0.00,,0.00,,,,,,,,,,,,,,
2019-05-02,益生菌【销量明星-全地域】01-鱼腥草,姿美堂复合益生菌冲剂成人肠胃肠道儿童大人益生元调理冻干粉女性,销量明星,547215037045,搜索,移动站内,110,43,11014,39.09,256.14,100127.27,4.65,17800,2,0,0,17800,2,4,0,4,1.62,5,1,6
2019-05-02,酵素【新做竞】01-青黛-,姿美堂果蔬酵素粉台湾复合水果孝素粉正品男女非果冻梅饮夜间原液,宝贝推广,42967846606,搜索,移动站内,1849,149,40163,8.06,269.55,21721.47,6.04,155599,8,19301,1,174900,9,3,1,4,4.35,15,2,17
2019-05-02,酵素【新做竞】01-青黛-,姿美堂果蔬酵素粉台湾复合水果孝素粉正品男女非果冻梅饮夜间原液,宝贝推广,42967846606,定向投放,移动站内,28,0,0,0.00,,0.00,,,,,,,,,,,,,,
2019-05-02,酵素【定向】02-青黛,姿美堂果蔬酵素粉台湾复合水果孝素粉正品男女非果冻梅饮夜间原液,宝贝推广,42967846606,定向投放,移动站内,10666,262,43787,2.46,167.13,4105.29,6.87,174750,15,56700,3,231450,18,16,1,17,5.29,20,3,23
2019-05-02,益生菌测试,姿美堂复合益生菌冲剂成人肠胃肠道儿童大人益生元调理冻干粉女性,宝贝推广,547215037045,搜索,移动站内,13379,272,100000,2.03,367.65,7474.40,1.10,26700,3,0,0,26700,3,12,0,12,0.27,17,0,17
2019-05-02,益生菌测试,姿美堂复合益生菌冲剂成人肠胃肠道儿童大人益生元调理冻干粉女性,宝贝推广,547215037045,定向投放,移动站内,17,0,0,0.00,,0.00,,,,,,,,,,,,,,
2019-05-02,酵素【定向PC】03-青黛,姿美堂果蔬酵素粉台湾复合水果孝素粉正品男女非果冻梅饮夜间原液,宝贝推广,42967846606,定向投放,计算机站内,1026,2,54,0.19,27.00,52.63,,,,,,,,,,,,,,
2019-05-03,胶原【扩词】01-鱼腥草,姿美堂 鱼胶原蛋白肽精华粉水解粉口服液液态饮男女性正品非片,宝贝推广,4098099921,搜索,移动站内,16831,977,476981,5.80,488.21,28339.43,3.17,718206,26,43493,5,761699,31,56,3,59,1.60,72,18,90
2019-05-03,胶原【长尾词】02-鱼腥草,姿美堂 鱼胶原蛋白肽精华粉水解粉口服液液态饮男女性正品非片,宝贝推广,4098099921,搜索,计算机站内,14,0,0,0.00,,0.00,,,,,,,,,,,,,,
2019-05-03,胶原【长尾词】02-鱼腥草,姿美堂 鱼胶原蛋白肽精华粉水解粉口服液液态饮男女性正品非片,宝贝推广,4098099921,搜索,移动站内,2365,125,40392,5.29,323.14,17079.07,0.00,0,0,0,0,0,0,2,1,3,0.00,9,0,9
2019-05-03,胶原【长尾词】02-鱼腥草,姿美堂 鱼胶原蛋白肽精华粉水解粉口服液液态饮男女性正品非片,宝贝推广,4098099921,搜索,移动站外,2,0,0,0.00,,0.00,,,,,,,,,,,,,,
2019-05-03,胶原【双智能】-南烛,姿美堂 鱼胶原蛋白肽精华粉水解粉口服液液态饮男女性正品非片,宝贝推广,4098099921,搜索,移动站内,15573,509,247120,3.27,485.50,15868.49,6.29,752839,25,126461,7,879300,32,30,1,31,3.56,33,11,44
2019-05-03,胶原【pc端】02-鱼腥草,姿美堂 鱼胶原蛋白肽精华粉水解粉口服液液态饮男女性正品非片,宝贝推广,4098099921,搜索,计算机站内,10154,44,13981,0.43,317.75,1376.90,2.27,37600,1,0,0,37600,1,1,0,1,2.69,3,0,3
2019-05-03,胶原【pc端】02-鱼腥草,姿美堂 鱼胶原蛋白肽精华粉水解粉口服液液态饮男女性正品非片,宝贝推广,4098099921,定向投放,计算机站内,1400,0,0,0.00,,0.00,,,,,,,,,,,,,,
2019-05-03,酵素【扩词-果蔬酵素】01-青黛,姿美堂果蔬酵素粉台湾复合水果孝素粉正品男女非果冻梅饮夜间原液,宝贝推广,42967846606,搜索,移动站内,32888,3730,1092350,11.34,292.86,33214.24,6.92,2596670,221,444980,37,3041650,258,164,23,187,2.78,438,98,536
2019-05-03,胶原【长尾词】01-鱼腥草,姿美堂 鱼胶原蛋白肽精华粉水解粉口服液液态饮男女性正品非片,宝贝推广,4098099921,搜索,移动站内,3283,177,50000,5.39,282.49,15229.97,0.00,0,0,0,0,0,0,6,0,6,0.00,10,1,11
2019-05-03,胶原【长尾词】01-鱼腥草,姿美堂 鱼胶原蛋白肽精华粉水解粉口服液液态饮男女性正品非片,宝贝推广,4098099921,搜索,移动站外,4,0,0,0.00,,0.00,,,,,,,,,,,,,,
2019-05-03,酵素【扩词】02-青黛PC,姿美堂果蔬酵素粉台湾复合水果孝素粉正品男女非果冻梅饮夜间原液,宝贝推广,42967846606,搜索,计算机站内,1028,38,4615,3.70,121.45,4489.30,5.26,7900,1,7900,1,15800,2,1,0,1,3.42,2,1,3
2019-05-03,酵素【扩词-清肠排便】04-青黛,姿美堂果蔬酵素粉台湾复合水果孝素粉正品男女非果冻梅饮夜间原液,宝贝推广,42967846606,搜索,移动站内,1755,154,50000,8.77,324.68,28490.03,5.19,70100,7,6200,1,76300,8,7,0,7,1.53,10,2,12
2019-05-03,酵素【扩词】03-青黛,姿美堂果蔬酵素粉台湾复合水果孝素粉正品男女非果冻梅饮夜间原液,宝贝推广,42967846606,搜索,移动站内,7995,651,188196,8.14,289.09,23539.21,5.22,376150,31,39000,3,415150,34,21,2,23,2.21,60,11,71
2019-05-03,酵素【长尾】04-青黛,姿美堂果蔬酵素粉台湾复合水果孝素粉正品男女非果冻梅饮夜间原液,宝贝推广,42967846606,搜索,移动站内,2165,241,52902,11.13,219.51,24435.10,6.22,152050,15,0,0,152050,15,13,1,14,2.87,26,1,27
2019-05-03,胶原【定向-】03-鱼腥草,姿美堂 鱼胶原蛋白肽精华粉水解粉口服液液态饮男女性正品非片,宝贝推广,4098099921,搜索,移动站内,486,10,2599,2.06,259.90,5347.74,0.00,0,0,0,0,0,0,1,0,1,0.00,0,0,0
2019-05-03,胶原【定向-】03-鱼腥草,姿美堂 鱼胶原蛋白肽精华粉水解粉口服液液态饮男女性正品非片,宝贝推广,4098099921,定向投放,移动站内,1985,20,3737,1.01,186.85,1882.62,0.00,0,0,0,0,0,0,0,1,1,0.00,1,0,1
2019-05-03,胶原【定向1】02-鱼腥草,姿美堂 鱼胶原蛋白肽精华粉水解粉口服液液态饮男女性正品非片,宝贝推广,4098099921,定向投放,移动站内,460,3,545,0.65,181.67,1184.78,0.00,0,0,0,0,0,0,0,0,0,0.00,1,0,1
2019-05-03,酵素【长尾】01-青黛,姿美堂果蔬酵素粉台湾复合水果孝素粉正品男女非果冻梅饮夜间原液,宝贝推广,42967846606,搜索,移动站内,2705,89,13506,3.29,151.75,4992.98,2.25,15800,2,0,0,15800,2,2,0,2,1.17,7,0,7
2019-05-03,酵素【长尾】02-青黛,姿美堂果蔬酵素粉台湾复合水果孝素粉正品男女非果冻梅饮夜间原液,宝贝推广,42967846606,搜索,移动站内,2348,125,21470,5.32,171.76,9143.95,2.40,30600,2,9300,1,39900,3,7,2,9,1.86,8,3,11
2019-05-03,胶原【长尾词】03-鱼腥草-省油宝长尾A,姿美堂 鱼胶原蛋白肽精华粉水解粉口服液液态饮男女性正品非片,宝贝推广,4098099921,搜索,移动站内,3730,124,50000,3.32,403.23,13404.83,0.00,0,0,0,0,0,0,9,0,9,0.00,10,0,10
2019-05-03,酵素【长尾】05-青黛-省油宝长尾B,姿美堂果蔬酵素粉台湾复合水果孝素粉正品男女非果冻梅饮夜间原液,宝贝推广,42967846606,搜索,移动站内,1090,90,20172,8.26,224.13,18506.42,1.11,7900,1,0,0,7900,1,4,1,5,0.39,8,1,9
2019-05-03,酵素【扩词】05-青黛,姿美堂果蔬酵素粉台湾复合水果孝素粉正品男女非果冻梅饮夜间原液,宝贝推广,42967846606,搜索,移动站内,2854,189,55214,6.62,292.14,19346.18,12.17,218928,19,39772,4,258700,23,6,1,7,4.69,19,7,26
2019-05-03,酵素【扩词】01-青黛（减肥）,姿美堂果蔬酵素粉台湾复合水果孝素粉正品男女非果冻梅饮夜间原液,宝贝推广,42967846606,搜索,移动站内,2360,439,109000,18.60,248.29,46186.44,4.56,221314,18,20536,2,241850,20,16,0,16,2.22,38,7,45
2019-05-03,益生菌【精准词】01-小鑫,姿美堂复合益生菌冲剂成人肠胃肠道儿童大人益生元调理冻干粉女性,宝贝推广,547215037045,搜索,移动站内,13076,585,300536,4.47,513.74,22983.79,4.79,208067,24,64249,4,272316,28,36,4,40,0.91,85,16,101
2019-05-03,益生菌【精准词】01-小鑫,姿美堂复合益生菌冲剂成人肠胃肠道儿童大人益生元调理冻干粉女性,宝贝推广,547215037045,定向投放,移动站内,16491,29,2684,0.18,92.55,162.76,6.90,51700,2,0,0,51700,2,3,0,3,19.26,3,0,3
2019-05-03,酵素【长尾】03-青黛,姿美堂果蔬酵素粉台湾复合水果孝素粉正品男女非果冻梅饮夜间原液,宝贝推广,42967846606,搜索,移动站内,3227,179,34000,5.55,189.94,10536.10,2.23,33600,4,0,0,33600,4,7,0,7,0.99,9,1,10
2019-05-03,酵素【智能】01-青黛,姿美堂果蔬酵素粉台湾复合水果孝素粉正品男女非果冻梅饮夜间原液,智能推广,42967846606,搜索,移动站内,16441,314,51834,1.91,165.08,3152.73,4.78,106700,12,17600,3,124300,15,14,1,15,2.40,24,3,27
2019-05-03,酵素【精准】01-青黛,姿美堂果蔬酵素粉台湾复合水果孝素粉正品男女非果冻梅饮夜间原液,宝贝推广,42967846606,搜索,移动站内,633,26,13405,4.11,515.58,21176.94,7.69,15800,2,0,0,15800,2,0,0,0,1.18,1,0,1
2019-05-03,胶原【长尾词】05-鱼腥草,姿美堂 鱼胶原蛋白肽精华粉水解粉口服液液态饮男女性正品非片,宝贝推广,4098099921,搜索,计算机站内,42,0,0,0.00,,0.00,,,,,,,,,,,,,,
2019-05-03,胶原【长尾词】05-鱼腥草,姿美堂 鱼胶原蛋白肽精华粉水解粉口服液液态饮男女性正品非片,宝贝推广,4098099921,定向投放,计算机站内,46,0,0,0.00,,0.00,,,,,,,,,,,,,,
2019-05-03,胶原【长尾词】05-鱼腥草,姿美堂 鱼胶原蛋白肽精华粉水解粉口服液液态饮男女性正品非片,宝贝推广,4098099921,搜索,移动站内,8472,225,55000,2.66,244.44,6491.97,2.22,126800,4,18700,1,145500,5,14,0,14,2.65,30,3,33
2019-05-03,胶原【长尾词】05-鱼腥草,姿美堂 鱼胶原蛋白肽精华粉水解粉口服液液态饮男女性正品非片,宝贝推广,4098099921,定向投放,移动站内,265,0,0,0.00,,0.00,,,,,,,,,,,,,,
2019-05-03,胶原【长尾词】05-鱼腥草,姿美堂 鱼胶原蛋白肽精华粉水解粉口服液液态饮男女性正品非片,宝贝推广,4098099921,搜索,移动站外,6,0,0,0.00,,0.00,,,,,,,,,,,,,,
2019-05-03,胶原【智能】01-鱼腥草,姿美堂 鱼胶原蛋白肽精华粉水解粉口服液液态饮男女性正品非片,智能推广,4098099921,搜索,计算机站内,4278,11,1620,0.26,147.27,378.68,,,,,,,,,,,,,,
2019-05-03,胶原【智能】01-鱼腥草,姿美堂 鱼胶原蛋白肽精华粉水解粉口服液液态饮男女性正品非片,智能推广,4098099921,搜索,计算机站外,112,1,53,0.89,53.00,473.21,,,,,,,,,,,,,,
2019-05-03,胶原【智能】01-鱼腥草,姿美堂 鱼胶原蛋白肽精华粉水解粉口服液液态饮男女性正品非片,智能推广,4098099921,搜索,移动站内,39639,780,198125,1.97,254.01,4998.23,1.03,125662,5,16938,3,142600,8,43,3,46,0.72,46,11,57
2019-05-03,胶原【智能】01-鱼腥草,姿美堂 鱼胶原蛋白肽精华粉水解粉口服液液态饮男女性正品非片,智能推广,4098099921,搜索,移动站外,668,2,202,0.30,101.00,302.40,,,,,,,,,,,,,,
2019-05-03,胶原【pc定向-】04-鱼腥草,姿美堂 鱼胶原蛋白肽精华粉水解粉口服液液态饮男女性正品非片,宝贝推广,4098099921,定向投放,计算机站内,1937,0,0,0.00,,0.00,,,,,,,,,,,,,,
2019-05-03,胶原【pc定向-】04-鱼腥草,姿美堂 鱼胶原蛋白肽精华粉水解粉口服液液态饮男女性正品非片,宝贝推广,4098099921,定向投放,移动站内,829,0,0,0.00,,0.00,,,,,,,,,,,,,,
2019-05-03,胶原【定向】01-鱼腥草,姿美堂 鱼胶原蛋白肽精华粉水解粉口服液液态饮男女性正品非片,宝贝推广,4098099921,搜索,计算机站内,6,0,0,0.00,,0.00,,,,,,,,,,,,,,
2019-05-03,胶原【定向】01-鱼腥草,姿美堂 鱼胶原蛋白肽精华粉水解粉口服液液态饮男女性正品非片,宝贝推广,4098099921,定向投放,计算机站内,369,0,0,0.00,,0.00,,,,,,,,,,,,,,
2019-05-03,胶原【定向】01-鱼腥草,姿美堂 鱼胶原蛋白肽精华粉水解粉口服液液态饮男女性正品非片,宝贝推广,4098099921,搜索,计算机站外,1,0,0,0.00,,0.00,,,,,,,,,,,,,,
2019-05-03,胶原【定向】01-鱼腥草,姿美堂 鱼胶原蛋白肽精华粉水解粉口服液液态饮男女性正品非片,宝贝推广,4098099921,搜索,移动站内,13,0,0,0.00,,0.00,,,,,,,,,,,,,,
2019-05-03,胶原【定向】01-鱼腥草,姿美堂 鱼胶原蛋白肽精华粉水解粉口服液液态饮男女性正品非片,宝贝推广,4098099921,定向投放,移动站内,16730,259,73134,1.55,282.37,4371.43,1.54,0,0,51600,4,51600,4,20,1,21,0.71,25,8,33
2019-05-03,胶原【定向】01-鱼腥草,姿美堂 鱼胶原蛋白肽精华粉水解粉口服液液态饮男女性正品非片,宝贝推广,4098099921,搜索,移动站外,6,0,0,0.00,,0.00,,,,,,,,,,,,,,
2019-05-03,胶原【竞品品牌词】01-鱼腥草,姿美堂 鱼胶原蛋白肽精华粉水解粉口服液液态饮男女性正品非片,宝贝推广,4098099921,搜索,计算机站内,1229,0,0,0.00,,0.00,,,,,,,,,,,,,,
2019-05-03,胶原【竞品品牌词】01-鱼腥草,姿美堂 鱼胶原蛋白肽精华粉水解粉口服液液态饮男女性正品非片,宝贝推广,4098099921,搜索,移动站内,14162,4,747,0.03,186.75,52.75,,,,,,,,,,,,,,
2019-05-03,胶原【竞品品牌词】01-鱼腥草,姿美堂 鱼胶原蛋白肽精华粉水解粉口服液液态饮男女性正品非片,宝贝推广,4098099921,定向投放,移动站内,1,0,0,0.00,,0.00,,,,,,,,,,,,,,
2019-05-03,胶原【测图】01-鱼腥草,姿美堂 鱼胶原蛋白肽精华粉水解粉口服液液态饮男女性正品非片,宝贝推广,4098099921,搜索,移动站内,5163,145,70119,2.81,483.58,13581.06,0.69,21800,1,0,0,21800,1,9,1,10,0.31,10,2,12
2019-05-03,酵素【定向】01-青黛,姿美堂果蔬酵素粉台湾复合水果孝素粉正品男女非果冻梅饮夜间原液,宝贝推广,42967846606,定向投放,移动站内,46380,625,150100,1.35,240.16,3236.31,5.60,369727,25,115223,10,484950,35,21,4,25,3.23,63,18,81
2019-05-03,酵素【竞品品牌词】01-青黛,姿美堂果蔬酵素粉台湾复合水果孝素粉正品男女非果冻梅饮夜间原液,宝贝推广,42967846606,搜索,移动站内,9,1,137,11.11,137.00,15222.22,,,,,,,,,,,,,,
2019-05-03,胶原【长尾词】04-鱼腥草,姿美堂 鱼胶原蛋白肽精华粉水解粉口服液液态饮男女性正品非片,宝贝推广,4098099921,搜索,移动站内,1143,66,22245,5.77,337.05,19461.94,3.03,42600,2,0,0,42600,2,5,2,7,1.92,5,4,9
2019-05-03,胶原【长尾词】04-鱼腥草,姿美堂 鱼胶原蛋白肽精华粉水解粉口服液液态饮男女性正品非片,宝贝推广,4098099921,定向投放,移动站内,2,0,0,0.00,,0.00,,,,,,,,,,,,,,
2019-05-03,益生菌【智能】01-小鑫,姿美堂复合益生菌冲剂成人肠胃肠道儿童大人益生元调理冻干粉女性,智能推广,547215037045,搜索,移动站内,22380,295,80000,1.32,271.19,3574.62,0.00,0,0,0,0,0,0,12,1,13,0.00,22,0,22
2019-05-03,胶原酵素【自身品牌词】01-鱼腥草,姿美堂果蔬酵素粉台湾复合水果孝素粉正品男女非果冻梅饮夜间原液,宝贝推广,42967846606,搜索,计算机站内,161,1,17,0.62,17.00,105.59,,,,,,,,,,,,,,
2019-05-03,胶原酵素【自身品牌词】01-鱼腥草,姿美堂果蔬酵素粉台湾复合水果孝素粉正品男女非果冻梅饮夜间原液,宝贝推广,42967846606,定向投放,计算机站内,34,2,49,5.88,24.50,1441.18,,,,,,,,,,,,,,
2019-05-03,胶原酵素【自身品牌词】01-鱼腥草,姿美堂果蔬酵素粉台湾复合水果孝素粉正品男女非果冻梅饮夜间原液,宝贝推广,42967846606,搜索,移动站内,6739,500,114716,7.42,229.43,17022.70,3.20,190550,16,0,0,190550,16,24,2,26,1.66,39,8,47
2019-05-03,胶原酵素【自身品牌词】01-鱼腥草,姿美堂果蔬酵素粉台湾复合水果孝素粉正品男女非果冻梅饮夜间原液,宝贝推广,42967846606,定向投放,移动站内,71,3,71,4.23,23.67,1000.00,0.00,0,0,0,0,0,0,0,0,0,0.00,1,0,1
2019-05-03,酵素【销量明星-全地域】01-青黛,买3送1姿美堂果蔬酵素粉台湾复合酵素水果孝素非果冻梅夜间原液,销量明星,42967846606,搜索,移动站内,622,219,29341,35.21,133.98,47172.03,6.39,188050,14,0,0,188050,14,10,0,10,6.41,24,6,30
2019-05-03,胶原【销量明星-全地域】01-鱼腥草,姿美堂柳橙鱼胶原蛋白质粉肽水解粉口服液液态饮男女性正品非片,销量明星,4098099921,搜索,移动站内,523,191,24946,36.52,130.61,47697.90,5.24,176519,6,39681,4,216200,10,4,1,5,8.67,21,2,23
2019-05-03,胶原酵素【自身品牌词】01-鱼腥草,姿美堂 鱼胶原蛋白肽精华粉水解粉口服液液态饮男女性正品非片,宝贝推广,4098099921,定向投放,计算机站内,35,0,0,0.00,,0.00,,,,,,,,,,,,,,
2019-05-03,胶原酵素【自身品牌词】01-鱼腥草,姿美堂 鱼胶原蛋白肽精华粉水解粉口服液液态饮男女性正品非片,宝贝推广,4098099921,搜索,移动站内,523,24,10911,4.59,454.63,20862.33,4.17,0,0,4900,1,4900,1,2,0,2,0.45,0,1,1
2019-05-03,胶原酵素【自身品牌词】01-鱼腥草,姿美堂 鱼胶原蛋白肽精华粉水解粉口服液液态饮男女性正品非片,宝贝推广,4098099921,定向投放,移动站内,8,1,31,12.50,31.00,3875.00,,,,,,,,,,,,,,
2019-05-03,胶原【精准词-新】01-鱼腥草,姿美堂 鱼胶原蛋白肽精华粉水解粉口服液液态饮男女性正品非片,宝贝推广,4098099921,搜索,移动站内,7223,442,300000,6.12,678.73,41533.99,2.04,165054,7,13145,2,178199,9,40,1,41,0.59,39,3,42
2019-05-03,胶原【精准词-新】01-鱼腥草,姿美堂 鱼胶原蛋白肽精华粉水解粉口服液液态饮男女性正品非片,宝贝推广,4098099921,定向投放,移动站内,3,0,0,0.00,,0.00,,,,,,,,,,,,,,
2019-05-03,益生菌【销量明星-全地域】01-鱼腥草,姿美堂复合益生菌冲剂成人肠胃肠道儿童大人益生元调理冻干粉女性,销量明星,547215037045,搜索,移动站内,62,16,3026,25.81,189.13,48806.45,0.00,0,0,0,0,0,0,0,1,1,0.00,1,0,1
2019-05-03,酵素【新做竞】01-青黛-,姿美堂果蔬酵素粉台湾复合水果孝素粉正品男女非果冻梅饮夜间原液,宝贝推广,42967846606,搜索,移动站内,1881,110,30122,5.85,273.84,16013.82,3.64,27090,3,8860,1,35950,4,7,0,7,1.19,9,2,11
2019-05-03,酵素【新做竞】01-青黛-,姿美堂果蔬酵素粉台湾复合水果孝素粉正品男女非果冻梅饮夜间原液,宝贝推广,42967846606,定向投放,移动站内,36,0,0,0.00,,0.00,,,,,,,,,,,,,,
2019-05-03,酵素【定向】02-青黛,姿美堂果蔬酵素粉台湾复合水果孝素粉正品男女非果冻梅饮夜间原液,宝贝推广,42967846606,定向投放,移动站内,3807,74,13360,1.94,180.54,3509.32,2.70,22925,1,6675,1,29600,2,1,0,1,2.22,10,3,13
2019-05-03,益生菌测试,姿美堂复合益生菌冲剂成人肠胃肠道儿童大人益生元调理冻干粉女性,宝贝推广,547215037045,搜索,移动站内,7877,134,55000,1.70,410.45,6982.35,3.73,34100,5,0,0,34100,5,3,1,4,0.62,18,0,18
2019-05-03,益生菌测试,姿美堂复合益生菌冲剂成人肠胃肠道儿童大人益生元调理冻干粉女性,宝贝推广,547215037045,定向投放,移动站内,24,0,0,0.00,,0.00,,,,,,,,,,,,,,
2019-05-03,酵素【定向PC】03-青黛,姿美堂果蔬酵素粉台湾复合水果孝素粉正品男女非果冻梅饮夜间原液,宝贝推广,42967846606,定向投放,计算机站内,1600,1,49,0.06,49.00,30.63,,,,,,,,,,,,,,
2019-05-04,胶原【扩词】01-鱼腥草,姿美堂鱼胶原蛋白粉水解粉液态饮正品口服液肽精华质粉男女非片,宝贝推广,4098099921,搜索,移动站内,20461,1094,510650,5.35,466.77,24957.24,3.93,789870,30,201180,13,991050,43,66,6,72,1.94,108,39,147
2019-05-04,胶原【长尾词】02-鱼腥草,姿美堂鱼胶原蛋白粉水解粉液态饮正品口服液肽精华质粉男女非片,宝贝推广,4098099921,搜索,计算机站内,12,0,0,0.00,,0.00,,,,,,,,,,,,,,
2019-05-04,胶原【长尾词】02-鱼腥草,姿美堂鱼胶原蛋白粉水解粉液态饮正品口服液肽精华质粉男女非片,宝贝推广,4098099921,搜索,移动站内,3489,188,57335,5.39,304.97,16433.08,2.66,20800,1,96600,4,117400,5,8,1,9,2.05,8,5,13
2019-05-04,胶原【长尾词】02-鱼腥草,姿美堂鱼胶原蛋白粉水解粉液态饮正品口服液肽精华质粉男女非片,宝贝推广,4098099921,搜索,移动站外,3,0,0,0.00,,0.00,,,,,,,,,,,,,,
2019-05-04,胶原【双智能】-南烛,姿美堂鱼胶原蛋白粉水解粉液态饮正品口服液肽精华质粉男女非片,宝贝推广,4098099921,搜索,移动站内,18697,640,293464,3.42,458.54,15695.78,4.38,528110,17,145489,11,673599,28,31,3,34,2.30,49,30,79
2019-05-04,胶原【pc端】02-鱼腥草,姿美堂鱼胶原蛋白粉水解粉液态饮正品口服液肽精华质粉男女非片,宝贝推广,4098099921,搜索,计算机站内,14178,42,12570,0.30,299.29,886.58,,,,,,,,,,,,,,
2019-05-04,胶原【pc端】02-鱼腥草,姿美堂鱼胶原蛋白粉水解粉液态饮正品口服液肽精华质粉男女非片,宝贝推广,4098099921,定向投放,计算机站内,1414,0,0,0.00,,0.00,,,,,,,,,,,,,,
2019-05-04,酵素【扩词-果蔬酵素】01-青黛,姿美堂果蔬酵素粉台湾复合水果孝素粉正品男女非果冻梅饮夜间原液,宝贝推广,42967846606,搜索,移动站内,44762,4685,1390864,10.47,296.88,31072.43,5.51,2307013,197,765783,61,3072796,258,182,27,209,2.21,485,123,608
2019-05-04,胶原【长尾词】01-鱼腥草,姿美堂鱼胶原蛋白粉水解粉液态饮正品口服液肽精华质粉男女非片,宝贝推广,4098099921,搜索,移动站内,3419,180,50000,5.26,277.78,14624.16,1.11,18800,1,37600,1,56400,2,6,0,6,1.13,9,1,10
2019-05-04,胶原【长尾词】01-鱼腥草,姿美堂鱼胶原蛋白粉水解粉液态饮正品口服液肽精华质粉男女非片,宝贝推广,4098099921,搜索,移动站外,2,0,0,0.00,,0.00,,,,,,,,,,,,,,
2019-05-04,酵素【扩词】02-青黛PC,姿美堂果蔬酵素粉台湾复合水果孝素粉正品男女非果冻梅饮夜间原液,宝贝推广,42967846606,搜索,计算机站内,1279,94,10673,7.35,113.54,8344.80,1.06,9900,1,0,0,9900,1,0,0,0,0.93,3,2,5
2019-05-04,酵素【扩词-清肠排便】04-青黛,姿美堂果蔬酵素粉台湾复合水果孝素粉正品男女非果冻梅饮夜间原液,宝贝推广,42967846606,搜索,移动站内,1766,155,50000,8.78,322.58,28312.57,2.58,29700,3,28700,1,58400,4,2,0,2,1.17,16,2,18
2019-05-04,酵素【扩词】03-青黛,姿美堂果蔬酵素粉台湾复合水果孝素粉正品男女非果冻梅饮夜间原液,宝贝推广,42967846606,搜索,移动站内,14557,1012,287255,6.95,283.85,19733.12,5.34,500540,43,104960,11,605500,54,50,5,55,2.11,105,37,142
2019-05-04,酵素【长尾】04-青黛,姿美堂果蔬酵素粉台湾复合水果孝素粉正品男女非果冻梅饮夜间原液,宝贝推广,42967846606,搜索,移动站内,1789,182,39828,10.17,218.84,22262.72,3.30,51450,5,3100,1,54550,6,14,0,14,1.37,14,2,16
2019-05-04,胶原【定向-】03-鱼腥草,姿美堂鱼胶原蛋白粉水解粉液态饮正品口服液肽精华质粉男女非片,宝贝推广,4098099921,搜索,移动站内,334,8,1986,2.40,248.25,5946.11,,,,,,,,,,,,,,
2019-05-04,胶原【定向-】03-鱼腥草,姿美堂鱼胶原蛋白粉水解粉液态饮正品口服液肽精华质粉男女非片,宝贝推广,4098099921,定向投放,移动站内,2382,24,4518,1.01,188.25,1896.73,0.00,0,0,0,0,0,0,0,0,0,0.00,0,2,2
2019-05-04,胶原【定向1】02-鱼腥草,姿美堂鱼胶原蛋白粉水解粉液态饮正品口服液肽精华质粉男女非片,宝贝推广,4098099921,定向投放,移动站内,408,6,160,1.47,26.67,392.16,33.33,0,0,14950,2,14950,2,1,0,1,93.44,2,1,3
2019-05-04,酵素【长尾】01-青黛,姿美堂果蔬酵素粉台湾复合水果孝素粉正品男女非果冻梅饮夜间原液,宝贝推广,42967846606,搜索,移动站内,1572,105,16048,6.68,152.84,10208.65,0.95,9900,1,0,0,9900,1,6,0,6,0.62,8,0,8
2019-05-04,酵素【长尾】02-青黛,姿美堂果蔬酵素粉台湾复合水果孝素粉正品男女非果冻梅饮夜间原液,宝贝推广,42967846606,搜索,移动站内,2096,130,21532,6.20,165.63,10272.90,0.77,0,0,22800,1,22800,1,6,0,6,1.06,10,0,10
2019-05-04,胶原【长尾词】03-鱼腥草-省油宝长尾A,姿美堂鱼胶原蛋白粉水解粉液态饮正品口服液肽精华质粉男女非片,宝贝推广,4098099921,搜索,移动站内,4080,132,49908,3.24,378.09,12232.35,0.76,20800,1,0,0,20800,1,7,2,9,0.42,9,0,9
2019-05-04,胶原【长尾词】03-鱼腥草-省油宝长尾A,姿美堂鱼胶原蛋白粉水解粉液态饮正品口服液肽精华质粉男女非片,宝贝推广,4098099921,定向投放,移动站内,2,0,0,0.00,,0.00,,,,,,,,,,,,,,
2019-05-04,酵素【长尾】05-青黛-省油宝长尾B,姿美堂果蔬酵素粉台湾复合水果孝素粉正品男女非果冻梅饮夜间原液,宝贝推广,42967846606,搜索,移动站内,1092,77,14871,7.05,193.13,13618.13,5.19,19800,2,15500,2,35300,4,2,0,2,2.37,8,4,12
2019-05-04,酵素【扩词】05-青黛,姿美堂果蔬酵素粉台湾复合水果孝素粉正品男女非果冻梅饮夜间原液,宝贝推广,42967846606,搜索,移动站内,2321,160,44349,6.89,277.18,19107.71,8.75,94012,8,85488,6,179500,14,15,0,15,4.05,13,10,23
2019-05-04,酵素【扩词】01-青黛（减肥）,姿美堂果蔬酵素粉台湾复合水果孝素粉正品男女非果冻梅饮夜间原液,宝贝推广,42967846606,搜索,移动站内,2786,465,109692,16.69,235.90,39372.58,4.30,189600,16,56800,4,246400,20,16,5,21,2.25,52,6,58
2019-05-04,益生菌【精准词】01-小鑫,姿美堂复合益生菌冲剂成人肠胃肠道儿童大人益生元调理冻干粉女性,宝贝推广,547215037045,搜索,移动站内,13322,573,297025,4.30,518.37,22295.83,7.33,287556,37,83694,5,371250,42,26,3,29,1.25,77,7,84
2019-05-04,益生菌【精准词】01-小鑫,姿美堂复合益生菌冲剂成人肠胃肠道儿童大人益生元调理冻干粉女性,宝贝推广,547215037045,定向投放,移动站内,8746,17,1263,0.19,74.29,144.41,0.00,0,0,0,0,0,0,2,0,2,0.00,3,3,6
2019-05-04,酵素【长尾】03-青黛,姿美堂果蔬酵素粉台湾复合水果孝素粉正品男女非果冻梅饮夜间原液,宝贝推广,42967846606,搜索,移动站内,2574,182,34000,7.07,186.81,13209.01,1.10,11850,1,9300,1,21150,2,12,2,14,0.62,12,0,12
2019-05-04,酵素【智能】01-青黛,姿美堂果蔬酵素粉台湾复合水果孝素粉正品男女非果冻梅饮夜间原液,智能推广,42967846606,搜索,移动站内,13510,301,50137,2.23,166.57,3711.10,2.66,65300,7,3100,1,68400,8,20,0,20,1.36,19,4,23
2019-05-04,酵素【精准】01-青黛,姿美堂果蔬酵素粉台湾复合水果孝素粉正品男女非果冻梅饮夜间原液,宝贝推广,42967846606,搜索,移动站内,770,26,16292,3.38,626.62,21158.44,3.85,0,0,3100,1,3100,1,2,0,2,0.19,4,1,5
2019-05-04,胶原【长尾词】05-鱼腥草,姿美堂鱼胶原蛋白粉水解粉液态饮正品口服液肽精华质粉男女非片,宝贝推广,4098099921,搜索,计算机站内,54,0,0,0.00,,0.00,,,,,,,,,,,,,,
2019-05-04,胶原【长尾词】05-鱼腥草,姿美堂鱼胶原蛋白粉水解粉液态饮正品口服液肽精华质粉男女非片,宝贝推广,4098099921,定向投放,计算机站内,92,0,0,0.00,,0.00,,,,,,,,,,,,,,
2019-05-04,胶原【长尾词】05-鱼腥草,姿美堂鱼胶原蛋白粉水解粉液态饮正品口服液肽精华质粉男女非片,宝贝推广,4098099921,搜索,计算机站外,1,0,0,0.00,,0.00,,,,,,,,,,,,,,
2019-05-04,胶原【长尾词】05-鱼腥草,姿美堂鱼胶原蛋白粉水解粉液态饮正品口服液肽精华质粉男女非片,宝贝推广,4098099921,搜索,移动站内,6985,224,55000,3.21,245.54,7874.02,0.45,18800,1,0,0,18800,1,16,0,16,0.34,15,2,17
2019-05-04,胶原【长尾词】05-鱼腥草,姿美堂鱼胶原蛋白粉水解粉液态饮正品口服液肽精华质粉男女非片,宝贝推广,4098099921,定向投放,移动站内,345,0,0,0.00,,0.00,,,,,,,,,,,,,,
2019-05-04,胶原【长尾词】05-鱼腥草,姿美堂鱼胶原蛋白粉水解粉液态饮正品口服液肽精华质粉男女非片,宝贝推广,4098099921,搜索,移动站外,7,0,0,0.00,,0.00,,,,,,,,,,,,,,
2019-05-04,胶原【智能】01-鱼腥草,姿美堂鱼胶原蛋白粉水解粉液态饮正品口服液肽精华质粉男女非片,智能推广,4098099921,搜索,计算机站内,6880,21,2516,0.31,119.81,365.70,,,,,,,,,,,,,,
2019-05-04,胶原【智能】01-鱼腥草,姿美堂鱼胶原蛋白粉水解粉液态饮正品口服液肽精华质粉男女非片,智能推广,4098099921,搜索,计算机站外,124,0,0,0.00,,0.00,,,,,,,,,,,,,,
2019-05-04,胶原【智能】01-鱼腥草,姿美堂鱼胶原蛋白粉水解粉液态饮正品口服液肽精华质粉男女非片,智能推广,4098099921,搜索,移动站内,35432,779,196444,2.20,252.17,5544.25,1.16,115000,5,46100,4,161100,9,33,3,36,0.82,37,5,42
2019-05-04,胶原【智能】01-鱼腥草,姿美堂鱼胶原蛋白粉水解粉液态饮正品口服液肽精华质粉男女非片,智能推广,4098099921,搜索,移动站外,744,12,780,1.61,65.00,1048.39,,,,,,,,,,,,,,
2019-05-04,胶原【pc定向-】04-鱼腥草,姿美堂鱼胶原蛋白粉水解粉液态饮正品口服液肽精华质粉男女非片,宝贝推广,4098099921,搜索,计算机站内,2,0,0,0.00,,0.00,,,,,,,,,,,,,,
2019-05-04,胶原【pc定向-】04-鱼腥草,姿美堂鱼胶原蛋白粉水解粉液态饮正品口服液肽精华质粉男女非片,宝贝推广,4098099921,定向投放,计算机站内,2275,0,0,0.00,,0.00,,,,,,,,,,,,,,
2019-05-04,胶原【pc定向-】04-鱼腥草,姿美堂鱼胶原蛋白粉水解粉液态饮正品口服液肽精华质粉男女非片,宝贝推广,4098099921,定向投放,计算机站外,1,0,0,0.00,,0.00,,,,,,,,,,,,,,
2019-05-04,胶原【pc定向-】04-鱼腥草,姿美堂鱼胶原蛋白粉水解粉液态饮正品口服液肽精华质粉男女非片,宝贝推广,4098099921,定向投放,移动站内,999,2,157,0.20,78.50,157.16,0.00,0,0,0,0,0,0,0,0,0,0.00,0,9,9
2019-05-04,胶原【定向】01-鱼腥草,姿美堂鱼胶原蛋白粉水解粉液态饮正品口服液肽精华质粉男女非片,宝贝推广,4098099921,搜索,计算机站内,2,0,0,0.00,,0.00,,,,,,,,,,,,,,
2019-05-04,胶原【定向】01-鱼腥草,姿美堂鱼胶原蛋白粉水解粉液态饮正品口服液肽精华质粉男女非片,宝贝推广,4098099921,定向投放,计算机站内,355,0,0,0.00,,0.00,,,,,,,,,,,,,,
2019-05-04,胶原【定向】01-鱼腥草,姿美堂鱼胶原蛋白粉水解粉液态饮正品口服液肽精华质粉男女非片,宝贝推广,4098099921,搜索,移动站内,8,0,0,0.00,,0.00,,,,,,,,,,,,,,
2019-05-04,胶原【定向】01-鱼腥草,姿美堂鱼胶原蛋白粉水解粉液态饮正品口服液肽精华质粉男女非片,宝贝推广,4098099921,定向投放,移动站内,18503,355,102778,1.92,289.52,5554.67,3.38,250200,7,118050,5,368250,12,26,4,30,3.58,23,5,28
2019-05-04,胶原【定向】01-鱼腥草,姿美堂鱼胶原蛋白粉水解粉液态饮正品口服液肽精华质粉男女非片,宝贝推广,4098099921,搜索,移动站外,1,0,0,0.00,,0.00,,,,,,,,,,,,,,
2019-05-04,胶原【竞品品牌词】01-鱼腥草,姿美堂鱼胶原蛋白粉水解粉液态饮正品口服液肽精华质粉男女非片,宝贝推广,4098099921,搜索,计算机站内,1893,2,608,0.11,304.00,321.18,,,,,,,,,,,,,,
2019-05-04,胶原【竞品品牌词】01-鱼腥草,姿美堂鱼胶原蛋白粉水解粉液态饮正品口服液肽精华质粉男女非片,宝贝推广,4098099921,定向投放,计算机站内,13,0,0,0.00,,0.00,,,,,,,,,,,,,,
2019-05-04,胶原【竞品品牌词】01-鱼腥草,姿美堂鱼胶原蛋白粉水解粉液态饮正品口服液肽精华质粉男女非片,宝贝推广,4098099921,搜索,移动站内,6016,12,3511,0.20,292.58,583.61,0.00,0,0,0,0,0,0,0,0,0,0.00,1,0,1
2019-05-04,胶原【竞品品牌词】01-鱼腥草,姿美堂鱼胶原蛋白粉水解粉液态饮正品口服液肽精华质粉男女非片,宝贝推广,4098099921,定向投放,移动站内,1,0,0,0.00,,0.00,,,,,,,,,,,,,,
2019-05-04,胶原【测图】01-鱼腥草,姿美堂鱼胶原蛋白粉水解粉液态饮正品口服液肽精华质粉男女非片,宝贝推广,4098099921,搜索,移动站内,6863,208,98572,3.03,473.90,14362.82,0.00,0,0,0,0,0,0,12,0,12,0.00,10,2,12
2019-05-04,酵素【定向】01-青黛,姿美堂果蔬酵素粉台湾复合水果孝素粉正品男女非果冻梅饮夜间原液,宝贝推广,42967846606,定向投放,移动站内,46016,731,152423,1.59,208.51,3312.39,5.75,329001,26,163349,16,492350,42,37,7,44,3.23,82,16,98
2019-05-04,酵素【竞品品牌词】01-青黛,姿美堂果蔬酵素粉台湾复合水果孝素粉正品男女非果冻梅饮夜间原液,宝贝推广,42967846606,搜索,移动站内,19,2,232,10.53,116.00,12210.53,,,,,,,,,,,,,,
2019-05-04,胶原【长尾词】04-鱼腥草,姿美堂鱼胶原蛋白粉水解粉液态饮正品口服液肽精华质粉男女非片,宝贝推广,4098099921,搜索,移动站内,1189,55,17101,4.63,310.93,14382.67,3.64,44600,2,0,0,44600,2,6,0,6,2.61,4,0,4
2019-05-04,胶原【长尾词】04-鱼腥草,姿美堂鱼胶原蛋白粉水解粉液态饮正品口服液肽精华质粉男女非片,宝贝推广,4098099921,定向投放,移动站内,19,1,29,5.26,29.00,1526.32,,,,,,,,,,,,,,
2019-05-04,益生菌【智能】01-小鑫,姿美堂复合益生菌冲剂成人肠胃肠道儿童大人益生元调理冻干粉女性,智能推广,547215037045,搜索,移动站内,25395,302,80000,1.19,264.90,3150.23,0.99,14500,2,38400,1,52900,3,11,2,13,0.66,32,2,34
2019-05-04,胶原酵素【自身品牌词】01-鱼腥草,姿美堂果蔬酵素粉台湾复合水果孝素粉正品男女非果冻梅饮夜间原液,宝贝推广,42967846606,搜索,计算机站内,238,1,15,0.42,15.00,63.03,,,,,,,,,,,,,,
2019-05-04,胶原酵素【自身品牌词】01-鱼腥草,姿美堂果蔬酵素粉台湾复合水果孝素粉正品男女非果冻梅饮夜间原液,宝贝推广,42967846606,定向投放,计算机站内,31,0,0,0.00,,0.00,,,,,,,,,,,,,,
2019-05-04,胶原酵素【自身品牌词】01-鱼腥草,姿美堂果蔬酵素粉台湾复合水果孝素粉正品男女非果冻梅饮夜间原液,宝贝推广,42967846606,搜索,移动站内,7604,446,112752,5.87,252.81,14827.99,0.90,51183,4,0,0,51183,4,8,1,9,0.45,19,5,24
2019-05-04,胶原酵素【自身品牌词】01-鱼腥草,姿美堂果蔬酵素粉台湾复合水果孝素粉正品男女非果冻梅饮夜间原液,宝贝推广,42967846606,定向投放,移动站内,200,5,160,2.50,32.00,800.00,,,,,,,,,,,,,,
2019-05-04,酵素【销量明星-全地域】01-青黛,买3送1姿美堂果蔬酵素粉台湾复合酵素水果孝素非果冻梅夜间原液,销量明星,42967846606,搜索,移动站内,707,300,43479,42.43,144.93,61497.88,4.33,130983,9,57217,4,188200,13,14,2,16,4.33,33,8,41
2019-05-04,胶原【销量明星-全地域】01-鱼腥草,姿美堂柳橙鱼胶原蛋白质粉肽水解粉口服液液态饮男女性正品非片,销量明星,4098099921,搜索,移动站内,989,344,38533,34.78,112.01,38961.58,4.94,325959,10,93540,7,419499,17,17,6,23,10.89,47,13,60
2019-05-04,胶原酵素【自身品牌词】01-鱼腥草,姿美堂鱼胶原蛋白粉水解粉液态饮正品口服液肽精华质粉男女非片,宝贝推广,4098099921,搜索,计算机站内,1,0,0,0.00,,0.00,,,,,,,,,,,,,,
2019-05-04,胶原酵素【自身品牌词】01-鱼腥草,姿美堂鱼胶原蛋白粉水解粉液态饮正品口服液肽精华质粉男女非片,宝贝推广,4098099921,定向投放,计算机站内,119,0,0,0.00,,0.00,,,,,,,,,,,,,,
2019-05-04,胶原酵素【自身品牌词】01-鱼腥草,姿美堂鱼胶原蛋白粉水解粉液态饮正品口服液肽精华质粉男女非片,宝贝推广,4098099921,搜索,移动站内,1018,57,25572,5.60,448.63,25119.84,14.04,141025,5,81774,3,222799,8,4,1,5,8.71,5,3,8
2019-05-04,胶原酵素【自身品牌词】01-鱼腥草,姿美堂鱼胶原蛋白粉水解粉液态饮正品口服液肽精华质粉男女非片,宝贝推广,4098099921,定向投放,移动站内,16,0,0,0.00,,0.00,,,,,,,,,,,,,,
2019-05-04,胶原【精准词-新】01-鱼腥草,姿美堂鱼胶原蛋白粉水解粉液态饮正品口服液肽精华质粉男女非片,宝贝推广,4098099921,搜索,移动站内,8080,444,300000,5.50,675.68,37128.71,2.70,233600,8,47300,4,280900,12,30,1,31,0.94,29,5,34
2019-05-04,胶原【精准词-新】01-鱼腥草,姿美堂鱼胶原蛋白粉水解粉液态饮正品口服液肽精华质粉男女非片,宝贝推广,4098099921,定向投放,移动站内,7,0,0,0.00,,0.00,,,,,,,,,,,,,,
2019-05-04,益生菌【销量明星-全地域】01-鱼腥草,姿美堂复合益生菌冲剂成人肠胃肠道儿童大人益生元调理冻干粉女性,销量明星,547215037045,搜索,移动站内,67,25,5477,37.31,219.08,81746.27,0.00,0,0,0,0,0,0,0,0,0,0.00,1,0,1
2019-05-04,酵素【新做竞】01-青黛-,姿美堂果蔬酵素粉台湾复合水果孝素粉正品男女非果冻梅饮夜间原液,宝贝推广,42967846606,搜索,移动站内,1167,64,17408,5.48,272.00,14916.88,0.00,0,0,0,0,0,0,5,0,5,0.00,2,1,3
2019-05-04,酵素【新做竞】01-青黛-,姿美堂果蔬酵素粉台湾复合水果孝素粉正品男女非果冻梅饮夜间原液,宝贝推广,42967846606,定向投放,移动站内,45,0,0,0.00,,0.00,,,,,,,,,,,,,,
2019-05-04,酵素【定向】02-青黛,姿美堂果蔬酵素粉台湾复合水果孝素粉正品男女非果冻梅饮夜间原液,宝贝推广,42967846606,定向投放,移动站内,12005,239,36960,1.99,154.64,3078.72,5.44,119449,8,129000,5,248449,13,10,2,12,6.72,15,7,22
2019-05-04,益生菌测试,姿美堂复合益生菌冲剂成人肠胃肠道儿童大人益生元调理冻干粉女性,宝贝推广,547215037045,搜索,移动站内,6241,157,55000,2.52,350.32,8812.69,0.64,3100,1,0,0,3100,1,11,1,12,0.06,16,1,17
2019-05-04,益生菌测试,姿美堂复合益生菌冲剂成人肠胃肠道儿童大人益生元调理冻干粉女性,宝贝推广,547215037045,定向投放,移动站内,20,0,0,0.00,,0.00,,,,,,,,,,,,,,
2019-05-04,酵素【定向PC】03-青黛,姿美堂果蔬酵素粉台湾复合水果孝素粉正品男女非果冻梅饮夜间原液,宝贝推广,42967846606,定向投放,计算机站内,2199,2,216,0.09,108.00,98.23,,,,,,,,,,,,,,
2019-05-05,胶原【扩词】01-鱼腥草,姿美堂鱼胶原蛋白粉水解粉液态饮正品口服液肽精华质粉男女非片,宝贝推广,4098099921,搜索,移动站内,17228,1056,435107,6.13,412.03,25255.80,3.50,590135,25,193965,12,784100,37,65,5,70,1.80,93,35,128
2019-05-05,胶原【长尾词】02-鱼腥草,姿美堂鱼胶原蛋白粉水解粉液态饮正品口服液肽精华质粉男女非片,宝贝推广,4098099921,搜索,计算机站内,17,1,20,5.88,20.00,1176.47,,,,,,,,,,,,,,
2019-05-05,胶原【长尾词】02-鱼腥草,姿美堂鱼胶原蛋白粉水解粉液态饮正品口服液肽精华质粉男女非片,宝贝推广,4098099921,搜索,移动站内,3175,170,52560,5.35,309.18,16554.33,2.94,112800,5,0,0,112800,5,10,0,10,2.15,14,0,14
2019-05-05,胶原【长尾词】02-鱼腥草,姿美堂鱼胶原蛋白粉水解粉液态饮正品口服液肽精华质粉男女非片,宝贝推广,4098099921,搜索,移动站外,11,0,0,0.00,,0.00,,,,,,,,,,,,,,
2019-05-05,胶原【双智能】-南烛,姿美堂鱼胶原蛋白粉水解粉液态饮正品口服液肽精华质粉男女非片,宝贝推广,4098099921,搜索,移动站内,19241,752,340660,3.91,453.01,17704.90,4.12,443639,16,155910,15,599549,31,45,3,48,1.76,55,39,94
2019-05-05,胶原【pc端】02-鱼腥草,姿美堂鱼胶原蛋白粉水解粉液态饮正品口服液肽精华质粉男女非片,宝贝推广,4098099921,搜索,计算机站内,25121,93,26330,0.37,283.12,1048.13,1.08,0,0,11850,1,11850,1,0,0,0,0.45,1,0,1
2019-05-05,胶原【pc端】02-鱼腥草,姿美堂鱼胶原蛋白粉水解粉液态饮正品口服液肽精华质粉男女非片,宝贝推广,4098099921,定向投放,计算机站内,1351,2,311,0.15,155.50,230.20,0.00,0,0,0,0,0,0,0,0,0,0.00,1,2,3
2019-05-05,酵素【扩词-果蔬酵素】01-青黛,姿美堂果蔬酵素粉台湾复合水果孝素粉正品男女非果冻梅饮夜间原液,宝贝推广,42967846606,搜索,移动站内,33634,3644,1109361,10.83,304.44,32983.32,7.90,2693713,239,417034,49,3110747,288,169,21,190,2.80,403,82,485
2019-05-05,胶原【长尾词】01-鱼腥草,姿美堂鱼胶原蛋白粉水解粉液态饮正品口服液肽精华质粉男女非片,宝贝推广,4098099921,搜索,移动站内,2772,183,50000,6.60,273.22,18037.52,4.37,113800,5,36500,3,150300,8,5,1,6,3.01,17,13,30
2019-05-05,酵素【扩词】02-青黛PC,姿美堂果蔬酵素粉台湾复合水果孝素粉正品男女非果冻梅饮夜间原液,宝贝推广,42967846606,搜索,计算机站内,2471,174,14042,7.04,80.70,5682.72,5.75,103409,7,35441,3,138850,10,1,0,1,9.89,8,4,12
2019-05-05,酵素【扩词-清肠排便】04-青黛,姿美堂果蔬酵素粉台湾复合水果孝素粉正品男女非果冻梅饮夜间原液,宝贝推广,42967846606,搜索,移动站内,1480,133,45118,8.99,339.23,30485.14,15.04,149775,14,68373,6,218148,20,3,2,5,4.84,21,8,29
2019-05-05,酵素【扩词】03-青黛,姿美堂果蔬酵素粉台湾复合水果孝素粉正品男女非果冻梅饮夜间原液,宝贝推广,42967846606,搜索,移动站内,15121,1229,349470,8.13,284.35,23111.57,7.24,816039,74,142400,15,958439,89,67,11,78,2.74,150,20,170
2019-05-05,酵素【长尾】04-青黛,姿美堂果蔬酵素粉台湾复合水果孝素粉正品男女非果冻梅饮夜间原液,宝贝推广,42967846606,搜索,移动站内,835,85,17927,10.18,210.91,21469.46,5.88,50350,4,3100,1,53450,5,3,0,3,2.98,13,1,14
2019-05-05,胶原【定向-】03-鱼腥草,姿美堂鱼胶原蛋白粉水解粉液态饮正品口服液肽精华质粉男女非片,宝贝推广,4098099921,搜索,移动站内,882,23,6101,2.61,265.26,6917.23,0.00,0,0,0,0,0,0,0,0,0,0.00,2,0,2
2019-05-05,胶原【定向-】03-鱼腥草,姿美堂鱼胶原蛋白粉水解粉液态饮正品口服液肽精华质粉男女非片,宝贝推广,4098099921,定向投放,移动站内,3558,36,6447,1.01,179.08,1811.97,0.00,0,0,0,0,0,0,1,0,1,0.00,3,0,3
2019-05-05,胶原【定向1】02-鱼腥草,姿美堂鱼胶原蛋白粉水解粉液态饮正品口服液肽精华质粉男女非片,宝贝推广,4098099921,定向投放,移动站内,561,6,1381,1.07,230.17,2461.68,0.00,0,0,0,0,0,0,0,0,0,0.00,1,0,1
2019-05-05,酵素【长尾】01-青黛,姿美堂果蔬酵素粉台湾复合水果孝素粉正品男女非果冻梅饮夜间原液,宝贝推广,42967846606,搜索,移动站内,1206,75,11497,6.22,153.29,9533.17,0.00,0,0,0,0,0,0,4,1,5,0.00,1,0,1
2019-05-05,酵素【长尾】02-青黛,姿美堂果蔬酵素粉台湾复合水果孝素粉正品男女非果冻梅饮夜间原液,宝贝推广,42967846606,搜索,移动站内,2557,140,24100,5.48,172.14,9425.11,2.86,23700,3,3100,1,26800,4,8,0,8,1.11,9,1,10
2019-05-05,胶原【长尾词】03-鱼腥草-省油宝长尾A,姿美堂鱼胶原蛋白粉水解粉液态饮正品口服液肽精华质粉男女非片,宝贝推广,4098099921,搜索,移动站内,2898,140,50000,4.83,357.14,17253.28,0.00,0,0,0,0,0,0,7,2,9,0.00,9,0,9
2019-05-05,酵素【长尾】05-青黛-省油宝长尾B,姿美堂果蔬酵素粉台湾复合水果孝素粉正品男女非果冻梅饮夜间原液,宝贝推广,42967846606,搜索,移动站内,1072,99,17513,9.24,176.90,16336.75,3.03,27650,3,0,0,27650,3,4,1,5,1.58,5,2,7
2019-05-05,酵素【扩词】05-青黛,姿美堂果蔬酵素粉台湾复合水果孝素粉正品男女非果冻梅饮夜间原液,宝贝推广,42967846606,搜索,移动站内,1339,95,27268,7.09,287.03,20364.45,9.47,79114,6,43336,3,122450,9,4,1,5,4.49,16,2,18
2019-05-05,酵素【扩词】01-青黛（减肥）,姿美堂果蔬酵素粉台湾复合水果孝素粉正品男女非果冻梅饮夜间原液,宝贝推广,42967846606,搜索,移动站内,4843,881,224000,18.19,254.26,46252.32,5.45,526200,45,16300,3,542500,48,36,2,38,2.42,82,15,97
2019-05-05,益生菌【精准词】01-小鑫,姿美堂复合益生菌冲剂成人肠胃肠道儿童大人益生元调理冻干粉女性,宝贝推广,547215037045,搜索,移动站内,14023,388,193741,2.77,499.33,13815.95,8.51,276112,28,74648,5,350760,33,19,4,23,1.81,38,8,46
2019-05-05,益生菌【精准词】01-小鑫,姿美堂复合益生菌冲剂成人肠胃肠道儿童大人益生元调理冻干粉女性,宝贝推广,547215037045,定向投放,移动站内,5743,18,1473,0.31,81.83,256.49,5.56,3100,1,0,0,3100,1,1,0,1,2.10,3,0,3
2019-05-05,酵素【长尾】03-青黛,姿美堂果蔬酵素粉台湾复合水果孝素粉正品男女非果冻梅饮夜间原液,宝贝推广,42967846606,搜索,移动站内,3004,175,32040,5.83,183.09,10665.78,0.00,0,0,0,0,0,0,10,0,10,0.00,15,2,17
2019-05-05,酵素【智能】01-青黛,姿美堂果蔬酵素粉台湾复合水果孝素粉正品男女非果冻梅饮夜间原液,智能推广,42967846606,搜索,移动站内,15895,433,73859,2.72,170.58,4646.68,2.77,105650,10,15500,2,121150,12,14,1,15,1.64,45,10,55
2019-05-05,酵素【精准】01-青黛,姿美堂果蔬酵素粉台湾复合水果孝素粉正品男女非果冻梅饮夜间原液,宝贝推广,42967846606,搜索,移动站内,2255,138,100000,6.12,724.64,44345.90,1.45,19750,2,0,0,19750,2,4,0,4,0.20,11,0,11
2019-05-05,胶原【长尾词】05-鱼腥草,姿美堂鱼胶原蛋白粉水解粉液态饮正品口服液肽精华质粉男女非片,宝贝推广,4098099921,搜索,计算机站内,72,0,0,0.00,,0.00,,,,,,,,,,,,,,
2019-05-05,胶原【长尾词】05-鱼腥草,姿美堂鱼胶原蛋白粉水解粉液态饮正品口服液肽精华质粉男女非片,宝贝推广,4098099921,定向投放,计算机站内,76,0,0,0.00,,0.00,,,,,,,,,,,,,,
2019-05-05,胶原【长尾词】05-鱼腥草,姿美堂鱼胶原蛋白粉水解粉液态饮正品口服液肽精华质粉男女非片,宝贝推广,4098099921,搜索,移动站内,5874,227,55000,3.86,242.29,9363.30,2.20,40172,2,18428,3,58600,5,16,1,17,1.07,31,9,40
2019-05-05,胶原【长尾词】05-鱼腥草,姿美堂鱼胶原蛋白粉水解粉液态饮正品口服液肽精华质粉男女非片,宝贝推广,4098099921,定向投放,移动站内,185,0,0,0.00,,0.00,,,,,,,,,,,,,,
2019-05-05,胶原【长尾词】05-鱼腥草,姿美堂鱼胶原蛋白粉水解粉液态饮正品口服液肽精华质粉男女非片,宝贝推广,4098099921,搜索,移动站外,6,0,0,0.00,,0.00,,,,,,,,,,,,,,
2019-05-05,胶原【智能】01-鱼腥草,姿美堂鱼胶原蛋白粉水解粉液态饮正品口服液肽精华质粉男女非片,智能推广,4098099921,搜索,计算机站内,4932,9,739,0.18,82.11,149.84,0.00,0,0,0,0,0,0,1,0,1,0.00,0,0,0
2019-05-05,胶原【智能】01-鱼腥草,姿美堂鱼胶原蛋白粉水解粉液态饮正品口服液肽精华质粉男女非片,智能推广,4098099921,搜索,计算机站外,68,0,0,0.00,,0.00,,,,,,,,,,,,,,
2019-05-05,胶原【智能】01-鱼腥草,姿美堂鱼胶原蛋白粉水解粉液态饮正品口服液肽精华质粉男女非片,智能推广,4098099921,搜索,移动站内,28669,775,198752,2.70,256.45,6932.65,1.42,261737,7,31613,4,293350,11,46,1,47,1.48,42,7,49
2019-05-05,胶原【智能】01-鱼腥草,姿美堂鱼胶原蛋白粉水解粉液态饮正品口服液肽精华质粉男女非片,智能推广,4098099921,搜索,移动站外,458,7,478,1.53,68.29,1043.67,,,,,,,,,,,,,,
2019-05-05,胶原【pc定向-】04-鱼腥草,姿美堂鱼胶原蛋白粉水解粉液态饮正品口服液肽精华质粉男女非片,宝贝推广,4098099921,定向投放,计算机站内,3164,0,0,0.00,,0.00,,,,,,,,,,,,,,
2019-05-05,胶原【pc定向-】04-鱼腥草,姿美堂鱼胶原蛋白粉水解粉液态饮正品口服液肽精华质粉男女非片,宝贝推广,4098099921,定向投放,移动站内,680,0,0,0.00,,0.00,,,,,,,,,,,,,,
2019-05-05,胶原【定向】01-鱼腥草,姿美堂鱼胶原蛋白粉水解粉液态饮正品口服液肽精华质粉男女非片,宝贝推广,4098099921,搜索,计算机站内,11,0,0,0.00,,0.00,,,,,,,,,,,,,,
2019-05-05,胶原【定向】01-鱼腥草,姿美堂鱼胶原蛋白粉水解粉液态饮正品口服液肽精华质粉男女非片,宝贝推广,4098099921,定向投放,计算机站内,434,0,0,0.00,,0.00,,,,,,,,,,,,,,
2019-05-05,胶原【定向】01-鱼腥草,姿美堂鱼胶原蛋白粉水解粉液态饮正品口服液肽精华质粉男女非片,宝贝推广,4098099921,搜索,计算机站外,1,0,0,0.00,,0.00,,,,,,,,,,,,,,
2019-05-05,胶原【定向】01-鱼腥草,姿美堂鱼胶原蛋白粉水解粉液态饮正品口服液肽精华质粉男女非片,宝贝推广,4098099921,搜索,移动站内,7,1,12,14.29,12.00,1714.29,0.00,0,0,0,0,0,0,0,0,0,0.00,1,0,1
2019-05-05,胶原【定向】01-鱼腥草,姿美堂鱼胶原蛋白粉水解粉液态饮正品口服液肽精华质粉男女非片,宝贝推广,4098099921,定向投放,移动站内,15412,277,82130,1.80,296.50,5328.96,5.78,251807,8,160093,8,411900,16,18,4,22,5.02,17,6,23
2019-05-05,胶原【定向】01-鱼腥草,姿美堂鱼胶原蛋白粉水解粉液态饮正品口服液肽精华质粉男女非片,宝贝推广,4098099921,搜索,移动站外,1,0,0,0.00,,0.00,,,,,,,,,,,,,,
2019-05-05,胶原【竞品品牌词】01-鱼腥草,姿美堂鱼胶原蛋白粉水解粉液态饮正品口服液肽精华质粉男女非片,宝贝推广,4098099921,搜索,计算机站内,2340,4,1153,0.17,288.25,492.74,,,,,,,,,,,,,,
2019-05-05,胶原【竞品品牌词】01-鱼腥草,姿美堂鱼胶原蛋白粉水解粉液态饮正品口服液肽精华质粉男女非片,宝贝推广,4098099921,搜索,移动站内,8772,32,9041,0.36,282.53,1030.67,0.00,0,0,0,0,0,0,4,0,4,0.00,0,1,1
2019-05-05,胶原【测图】01-鱼腥草,姿美堂鱼胶原蛋白粉水解粉液态饮正品口服液肽精华质粉男女非片,宝贝推广,4098099921,搜索,移动站内,5977,212,100000,3.55,471.70,16730.80,0.00,0,0,0,0,0,0,17,1,18,0.00,14,0,14
2019-05-05,酵素【定向】01-青黛,姿美堂果蔬酵素粉台湾复合水果孝素粉正品男女非果冻梅饮夜间原液,宝贝推广,42967846606,定向投放,移动站内,59263,961,226597,1.62,235.79,3823.58,6.87,719465,52,223085,14,942550,66,37,9,46,4.16,114,21,135
2019-05-05,酵素【竞品品牌词】01-青黛,姿美堂果蔬酵素粉台湾复合水果孝素粉正品男女非果冻梅饮夜间原液,宝贝推广,42967846606,搜索,移动站内,26,2,258,7.69,129.00,9923.08,0.00,0,0,0,0,0,0,1,0,1,0.00,0,0,0
2019-05-05,胶原【长尾词】04-鱼腥草,姿美堂鱼胶原蛋白粉水解粉液态饮正品口服液肽精华质粉男女非片,宝贝推广,4098099921,搜索,移动站内,2210,99,30071,4.48,303.75,13606.79,5.05,49600,1,46800,4,96400,5,4,0,4,3.21,7,9,16
2019-05-05,胶原【长尾词】04-鱼腥草,姿美堂鱼胶原蛋白粉水解粉液态饮正品口服液肽精华质粉男女非片,宝贝推广,4098099921,定向投放,移动站内,3,1,30,33.33,30.00,10000.00,100.00,36600,1,0,0,36600,1,0,0,0,1220.00,0,0,0
2019-05-05,益生菌【智能】01-小鑫,姿美堂复合益生菌冲剂成人肠胃肠道儿童大人益生元调理冻干粉女性,智能推广,547215037045,搜索,移动站内,43408,436,113688,1.00,260.75,2619.06,3.90,110600,17,0,0,110600,17,11,2,13,0.97,23,2,25
2019-05-05,胶原酵素【自身品牌词】01-鱼腥草,姿美堂果蔬酵素粉台湾复合水果孝素粉正品男女非果冻梅饮夜间原液,宝贝推广,42967846606,搜索,计算机站内,348,2,12,0.57,6.00,34.48,,,,,,,,,,,,,,
2019-05-05,胶原酵素【自身品牌词】01-鱼腥草,姿美堂果蔬酵素粉台湾复合水果孝素粉正品男女非果冻梅饮夜间原液,宝贝推广,42967846606,定向投放,计算机站内,2,0,0,0.00,,0.00,,,,,,,,,,,,,,
2019-05-05,胶原酵素【自身品牌词】01-鱼腥草,姿美堂果蔬酵素粉台湾复合水果孝素粉正品男女非果冻梅饮夜间原液,宝贝推广,42967846606,搜索,移动站内,8458,494,139166,5.84,281.71,16453.77,3.64,102544,9,118405,9,220949,18,22,1,23,1.59,51,12,63
2019-05-05,胶原酵素【自身品牌词】01-鱼腥草,姿美堂果蔬酵素粉台湾复合水果孝素粉正品男女非果冻梅饮夜间原液,宝贝推广,42967846606,定向投放,移动站内,67,1,34,1.49,34.00,507.46,,,,,,,,,,,,,,
2019-05-05,酵素【销量明星-全地域】01-青黛,买3送1姿美堂果蔬酵素粉台湾复合酵素水果孝素非果冻梅夜间原液,销量明星,42967846606,搜索,移动站内,1398,613,66876,43.85,109.10,47836.91,7.01,401999,35,104501,8,506500,43,27,3,30,7.57,59,15,74
2019-05-05,胶原【销量明星-全地域】01-鱼腥草,姿美堂柳橙鱼胶原蛋白质粉肽水解粉口服液液态饮男女性正品非片,销量明星,4098099921,搜索,移动站内,957,380,50000,39.71,131.58,52246.60,6.32,514707,20,33393,4,548100,24,20,6,26,10.96,45,4,49
2019-05-05,胶原酵素【自身品牌词】01-鱼腥草,姿美堂鱼胶原蛋白粉水解粉液态饮正品口服液肽精华质粉男女非片,宝贝推广,4098099921,搜索,计算机站内,3,0,0,0.00,,0.00,,,,,,,,,,,,,,
2019-05-05,胶原酵素【自身品牌词】01-鱼腥草,姿美堂鱼胶原蛋白粉水解粉液态饮正品口服液肽精华质粉男女非片,宝贝推广,4098099921,定向投放,计算机站内,8,0,0,0.00,,0.00,,,,,,,,,,,,,,
2019-05-05,胶原酵素【自身品牌词】01-鱼腥草,姿美堂鱼胶原蛋白粉水解粉液态饮正品口服液肽精华质粉男女非片,宝贝推广,4098099921,搜索,移动站内,1095,62,33125,5.66,534.27,30251.14,3.23,18800,1,22700,1,41500,2,3,1,4,1.25,1,5,6
2019-05-05,胶原酵素【自身品牌词】01-鱼腥草,姿美堂鱼胶原蛋白粉水解粉液态饮正品口服液肽精华质粉男女非片,宝贝推广,4098099921,定向投放,移动站内,6,0,0,0.00,,0.00,,,,,,,,,,,,,,
2019-05-05,益生菌【长尾词】小鑫,姿美堂复合益生菌冲剂成人肠胃肠道儿童大人益生元调理冻干粉女性,宝贝推广,547215037045,搜索,移动站内,21005,311,150000,1.48,482.32,7141.16,2.57,62000,7,20700,1,82700,8,9,0,9,0.55,25,0,25
2019-05-05,益生菌【长尾词】小鑫,姿美堂复合益生菌冲剂成人肠胃肠道儿童大人益生元调理冻干粉女性,宝贝推广,547215037045,定向投放,移动站内,76,0,0,0.00,,0.00,,,,,,,,,,,,,,
2019-05-05,胶原【精准词-新】01-鱼腥草,姿美堂鱼胶原蛋白粉水解粉液态饮正品口服液肽精华质粉男女非片,宝贝推广,4098099921,搜索,移动站内,7541,433,300000,5.74,692.84,39782.52,2.08,167807,6,57993,3,225800,9,25,3,28,0.75,37,8,45
2019-05-05,胶原【精准词-新】01-鱼腥草,姿美堂鱼胶原蛋白粉水解粉液态饮正品口服液肽精华质粉男女非片,宝贝推广,4098099921,定向投放,移动站内,2,0,0,0.00,,0.00,,,,,,,,,,,,,,
2019-05-05,益生菌【销量明星-全地域】01-鱼腥草,姿美堂复合益生菌冲剂成人肠胃肠道儿童大人益生元调理冻干粉女性,销量明星,547215037045,搜索,移动站内,78,35,6642,44.87,189.77,85153.85,5.71,21700,2,0,0,21700,2,1,0,1,3.27,3,0,3
2019-05-05,酵素【新做竞】01-青黛-,姿美堂果蔬酵素粉台湾复合水果孝素粉正品男女非果冻梅饮夜间原液,宝贝推广,42967846606,搜索,移动站内,1751,86,23684,4.91,275.40,13525.99,3.49,27650,3,0,0,27650,3,2,0,2,1.17,6,0,6
2019-05-05,酵素【新做竞】01-青黛-,姿美堂果蔬酵素粉台湾复合水果孝素粉正品男女非果冻梅饮夜间原液,宝贝推广,42967846606,定向投放,移动站内,11,0,0,0.00,,0.00,,,,,,,,,,,,,,
2019-05-05,酵素【定向】02-青黛,姿美堂果蔬酵素粉台湾复合水果孝素粉正品男女非果冻梅饮夜间原液,宝贝推广,42967846606,定向投放,移动站内,1848,51,8322,2.76,163.18,4503.25,3.92,22700,2,0,0,22700,2,2,1,3,2.73,6,0,6
2019-05-05,酵素【定向PC】03-青黛,姿美堂果蔬酵素粉台湾复合水果孝素粉正品男女非果冻梅饮夜间原液,宝贝推广,42967846606,定向投放,计算机站内,1438,3,529,0.21,176.33,367.87,,,,,,,,,,,,,,
2019-05-06,胶原【扩词】01-鱼腥草,姿美堂鱼胶原蛋白粉水解粉液态饮正品口服液肽精华质粉男女非片,宝贝推广,4098099921,搜索,移动站内,21192,1317,589615,6.21,447.70,27822.53,3.80,911256,37,339882,13,1251138,50,66,8,74,2.12,119,42,161
2019-05-06,胶原【长尾词】02-鱼腥草,姿美堂鱼胶原蛋白粉水解粉液态饮正品口服液肽精华质粉男女非片,宝贝推广,4098099921,搜索,计算机站内,13,0,0,0.00,,0.00,,,,,,,,,,,,,,
2019-05-06,胶原【长尾词】02-鱼腥草,姿美堂鱼胶原蛋白粉水解粉液态饮正品口服液肽精华质粉男女非片,宝贝推广,4098099921,搜索,移动站内,3676,236,74837,6.42,317.11,20358.27,1.27,46600,2,5900,1,52500,3,16,2,18,0.70,25,5,30
2019-05-06,胶原【长尾词】02-鱼腥草,姿美堂鱼胶原蛋白粉水解粉液态饮正品口服液肽精华质粉男女非片,宝贝推广,4098099921,搜索,移动站外,4,0,0,0.00,,0.00,,,,,,,,,,,,,,
2019-05-06,胶原【双智能】-南烛,姿美堂鱼胶原蛋白粉水解粉液态饮正品口服液肽精华质粉男女非片,宝贝推广,4098099921,搜索,移动站内,17758,761,337824,4.29,443.92,19023.76,2.89,442070,15,247230,7,689300,22,39,7,46,2.04,60,20,80
2019-05-06,胶原【pc端】02-鱼腥草,姿美堂鱼胶原蛋白粉水解粉液态饮正品口服液肽精华质粉男女非片,宝贝推广,4098099921,搜索,计算机站内,20742,98,37270,0.47,380.31,1796.84,1.02,23800,1,0,0,23800,1,3,0,3,0.64,1,0,1
2019-05-06,胶原【pc端】02-鱼腥草,姿美堂鱼胶原蛋白粉水解粉液态饮正品口服液肽精华质粉男女非片,宝贝推广,4098099921,定向投放,计算机站内,1100,0,0,0.00,,0.00,,,,,,,,,,,,,,
2019-05-06,酵素【扩词-果蔬酵素】01-青黛,姿美堂果蔬酵素粉台湾复合水果孝素粉正品男女非果冻梅饮夜间原液,宝贝推广,42967846606,搜索,移动站内,39992,4310,1306901,10.78,303.23,32679.06,6.13,2480980,221,482810,43,2963790,264,183,26,209,2.27,487,88,575
2019-05-06,胶原【长尾词】01-鱼腥草,姿美堂鱼胶原蛋白粉水解粉液态饮正品口服液肽精华质粉男女非片,宝贝推广,4098099921,搜索,移动站内,2975,190,50000,6.39,263.16,16806.72,2.11,145808,4,0,0,145808,4,9,0,9,2.92,16,4,20
2019-05-06,胶原【长尾词】01-鱼腥草,姿美堂鱼胶原蛋白粉水解粉液态饮正品口服液肽精华质粉男女非片,宝贝推广,4098099921,搜索,移动站外,1,0,0,0.00,,0.00,,,,,,,,,,,,,,
2019-05-06,酵素【扩词】02-青黛PC,姿美堂果蔬酵素粉台湾复合水果孝素粉正品男女非果冻梅饮夜间原液,宝贝推广,42967846606,搜索,计算机站内,2568,130,13600,5.06,104.62,5295.95,6.15,72753,6,31397,2,104150,8,0,0,0,7.66,3,3,6
2019-05-06,酵素【扩词-清肠排便】04-青黛,姿美堂果蔬酵素粉台湾复合水果孝素粉正品男女非果冻梅饮夜间原液,宝贝推广,42967846606,搜索,移动站内,1744,149,49534,8.54,332.44,28402.52,7.38,79949,7,33100,4,113049,11,4,0,4,2.28,20,5,25
2019-05-06,酵素【扩词】03-青黛,姿美堂果蔬酵素粉台湾复合水果孝素粉正品男女非果冻梅饮夜间原液,宝贝推广,42967846606,搜索,移动站内,6807,598,169969,8.79,284.23,24969.74,6.02,305540,32,30560,4,336100,36,35,6,41,1.98,80,11,91
2019-05-06,酵素【长尾】04-青黛,姿美堂果蔬酵素粉台湾复合水果孝素粉正品男女非果冻梅饮夜间原液,宝贝推广,42967846606,搜索,移动站内,2265,190,41470,8.39,218.26,18309.05,3.68,44900,5,12400,2,57300,7,10,1,11,1.38,17,4,21
2019-05-06,胶原【定向-】03-鱼腥草,姿美堂鱼胶原蛋白粉水解粉液态饮正品口服液肽精华质粉男女非片,宝贝推广,4098099921,搜索,移动站内,686,16,4123,2.33,257.69,6010.20,0.00,0,0,0,0,0,0,0,0,0,0.00,1,0,1
2019-05-06,胶原【定向-】03-鱼腥草,姿美堂鱼胶原蛋白粉水解粉液态饮正品口服液肽精华质粉男女非片,宝贝推广,4098099921,定向投放,移动站内,2968,28,5226,0.94,186.64,1760.78,10.71,33600,2,9300,1,42900,3,2,0,2,8.21,1,1,2
2019-05-06,胶原【定向1】02-鱼腥草,姿美堂鱼胶原蛋白粉水解粉液态饮正品口服液肽精华质粉男女非片,宝贝推广,4098099921,定向投放,移动站内,557,10,1132,1.80,113.20,2032.32,0.00,0,0,0,0,0,0,0,0,0,0.00,1,0,1
2019-05-06,酵素【长尾】01-青黛,姿美堂果蔬酵素粉台湾复合水果孝素粉正品男女非果冻梅饮夜间原液,宝贝推广,42967846606,搜索,移动站内,1793,108,16148,6.02,149.52,9006.14,0.93,11850,1,0,0,11850,1,4,0,4,0.73,3,0,3
2019-05-06,酵素【长尾】02-青黛,姿美堂果蔬酵素粉台湾复合水果孝素粉正品男女非果冻梅饮夜间原液,宝贝推广,42967846606,搜索,移动站内,2209,144,24100,6.52,167.36,10909.91,3.47,43450,4,6200,1,49650,5,8,1,9,2.06,15,1,16
2019-05-06,胶原【长尾词】03-鱼腥草-省油宝长尾A,姿美堂鱼胶原蛋白粉水解粉液态饮正品口服液肽精华质粉男女非片,宝贝推广,4098099921,搜索,移动站内,2269,120,50000,5.29,416.67,22036.14,0.00,0,0,0,0,0,0,8,0,8,0.00,7,2,9
2019-05-06,酵素【长尾】05-青黛-省油宝长尾B,姿美堂果蔬酵素粉台湾复合水果孝素粉正品男女非果冻梅饮夜间原液,宝贝推广,42967846606,搜索,移动站内,1530,92,21800,6.01,236.96,14248.37,3.26,31600,3,0,0,31600,3,3,0,3,1.45,7,0,7
2019-05-06,酵素【扩词】05-青黛,姿美堂果蔬酵素粉台湾复合水果孝素粉正品男女非果冻梅饮夜间原液,宝贝推广,42967846606,搜索,移动站内,2631,155,49460,5.89,319.10,18798.94,9.03,156282,13,9018,1,165300,14,4,0,4,3.34,11,3,14
2019-05-06,酵素【扩词】01-青黛（减肥）,姿美堂果蔬酵素粉台湾复合水果孝素粉正品男女非果冻梅饮夜间原液,宝贝推广,42967846606,搜索,移动站内,5582,1129,289948,20.23,256.82,51943.39,5.49,574358,53,98441,9,672799,62,53,4,57,2.32,102,19,121
2019-05-06,益生菌【精准词】01-小鑫,姿美堂复合益生菌冲剂成人肠胃肠道儿童大人益生元调理冻干粉女性,宝贝推广,547215037045,搜索,移动站内,15027,440,257467,2.93,585.15,17133.63,6.36,249200,26,23700,2,272900,28,22,3,25,1.06,36,2,38
2019-05-06,益生菌【精准词】01-小鑫,姿美堂复合益生菌冲剂成人肠胃肠道儿童大人益生元调理冻干粉女性,宝贝推广,547215037045,定向投放,移动站内,9731,21,1809,0.22,86.14,185.90,9.52,16600,2,0,0,16600,2,1,0,1,9.18,1,1,2
2019-05-06,酵素【长尾】03-青黛,姿美堂果蔬酵素粉台湾复合水果孝素粉正品男女非果冻梅饮夜间原液,宝贝推广,42967846606,搜索,移动站内,2233,184,34000,8.24,184.78,15226.15,2.72,35550,4,6200,1,41750,5,12,0,12,1.23,17,3,20
2019-05-06,酵素【智能】01-青黛,姿美堂果蔬酵素粉台湾复合水果孝素粉正品男女非果冻梅饮夜间原液,智能推广,42967846606,搜索,移动站内,14428,415,69736,2.88,168.04,4833.38,3.13,85900,10,20400,3,106300,13,25,1,26,1.52,34,8,42
2019-05-06,酵素【精准】01-青黛,姿美堂果蔬酵素粉台湾复合水果孝素粉正品男女非果冻梅饮夜间原液,宝贝推广,42967846606,搜索,移动站内,2541,147,100000,5.79,680.27,39354.58,3.40,55300,5,0,0,55300,5,10,0,10,0.55,18,4,22
2019-05-06,胶原【长尾词】05-鱼腥草,姿美堂鱼胶原蛋白粉水解粉液态饮正品口服液肽精华质粉男女非片,宝贝推广,4098099921,搜索,计算机站内,86,0,0,0.00,,0.00,,,,,,,,,,,,,,
2019-05-06,胶原【长尾词】05-鱼腥草,姿美堂鱼胶原蛋白粉水解粉液态饮正品口服液肽精华质粉男女非片,宝贝推广,4098099921,定向投放,计算机站内,30,0,0,0.00,,0.00,,,,,,,,,,,,,,
2019-05-06,胶原【长尾词】05-鱼腥草,姿美堂鱼胶原蛋白粉水解粉液态饮正品口服液肽精华质粉男女非片,宝贝推广,4098099921,搜索,计算机站外,1,0,0,0.00,,0.00,,,,,,,,,,,,,,
2019-05-06,胶原【长尾词】05-鱼腥草,姿美堂鱼胶原蛋白粉水解粉液态饮正品口服液肽精华质粉男女非片,宝贝推广,4098099921,搜索,移动站内,5067,225,55000,4.44,244.44,10854.55,1.33,42792,2,5708,1,48500,3,20,3,23,0.88,17,4,21
2019-05-06,胶原【长尾词】05-鱼腥草,姿美堂鱼胶原蛋白粉水解粉液态饮正品口服液肽精华质粉男女非片,宝贝推广,4098099921,定向投放,移动站内,150,0,0,0.00,,0.00,,0,0,0,0,0,0,1,0,1,,0,0,0
2019-05-06,胶原【长尾词】05-鱼腥草,姿美堂鱼胶原蛋白粉水解粉液态饮正品口服液肽精华质粉男女非片,宝贝推广,4098099921,搜索,移动站外,1,0,0,0.00,,0.00,,,,,,,,,,,,,,
2019-05-06,胶原【智能】01-鱼腥草,姿美堂鱼胶原蛋白粉水解粉液态饮正品口服液肽精华质粉男女非片,智能推广,4098099921,搜索,计算机站内,5385,20,2594,0.37,129.70,481.71,0.00,0,0,0,0,0,0,0,0,0,0.00,2,0,2
2019-05-06,胶原【智能】01-鱼腥草,姿美堂鱼胶原蛋白粉水解粉液态饮正品口服液肽精华质粉男女非片,智能推广,4098099921,搜索,计算机站外,81,1,145,1.23,145.00,1790.12,,,,,,,,,,,,,,
2019-05-06,胶原【智能】01-鱼腥草,姿美堂鱼胶原蛋白粉水解粉液态饮正品口服液肽精华质粉男女非片,智能推广,4098099921,搜索,移动站内,29987,765,196956,2.55,257.46,6568.05,0.78,102000,5,8300,1,110300,6,36,3,39,0.56,54,7,61
2019-05-06,胶原【智能】01-鱼腥草,姿美堂鱼胶原蛋白粉水解粉液态饮正品口服液肽精华质粉男女非片,智能推广,4098099921,搜索,移动站外,384,3,217,0.78,72.33,565.10,,,,,,,,,,,,,,
2019-05-06,胶原【pc定向-】04-鱼腥草,姿美堂鱼胶原蛋白粉水解粉液态饮正品口服液肽精华质粉男女非片,宝贝推广,4098099921,定向投放,计算机站内,2195,0,0,0.00,,0.00,,,,,,,,,,,,,,
2019-05-06,胶原【pc定向-】04-鱼腥草,姿美堂鱼胶原蛋白粉水解粉液态饮正品口服液肽精华质粉男女非片,宝贝推广,4098099921,定向投放,移动站内,383,0,0,0.00,,0.00,,,,,,,,,,,,,,
2019-05-06,胶原【定向】01-鱼腥草,姿美堂鱼胶原蛋白粉水解粉液态饮正品口服液肽精华质粉男女非片,宝贝推广,4098099921,搜索,计算机站内,6,0,0,0.00,,0.00,,,,,,,,,,,,,,
2019-05-06,胶原【定向】01-鱼腥草,姿美堂鱼胶原蛋白粉水解粉液态饮正品口服液肽精华质粉男女非片,宝贝推广,4098099921,定向投放,计算机站内,538,0,0,0.00,,0.00,,,,,,,,,,,,,,
2019-05-06,胶原【定向】01-鱼腥草,姿美堂鱼胶原蛋白粉水解粉液态饮正品口服液肽精华质粉男女非片,宝贝推广,4098099921,搜索,计算机站外,1,0,0,0.00,,0.00,,,,,,,,,,,,,,
2019-05-06,胶原【定向】01-鱼腥草,姿美堂鱼胶原蛋白粉水解粉液态饮正品口服液肽精华质粉男女非片,宝贝推广,4098099921,搜索,移动站内,9,0,0,0.00,,0.00,,,,,,,,,,,,,,
2019-05-06,胶原【定向】01-鱼腥草,姿美堂鱼胶原蛋白粉水解粉液态饮正品口服液肽精华质粉男女非片,宝贝推广,4098099921,定向投放,移动站内,14815,239,64900,1.61,271.55,4380.70,4.18,137676,4,106724,6,244400,10,22,2,24,3.77,24,5,29
2019-05-06,胶原【定向】01-鱼腥草,姿美堂鱼胶原蛋白粉水解粉液态饮正品口服液肽精华质粉男女非片,宝贝推广,4098099921,搜索,移动站外,6,0,0,0.00,,0.00,,,,,,,,,,,,,,
2019-05-06,胶原【竞品品牌词】01-鱼腥草,姿美堂鱼胶原蛋白粉水解粉液态饮正品口服液肽精华质粉男女非片,宝贝推广,4098099921,搜索,计算机站内,3253,6,1422,0.18,237.00,437.14,,,,,,,,,,,,,,
2019-05-06,胶原【竞品品牌词】01-鱼腥草,姿美堂鱼胶原蛋白粉水解粉液态饮正品口服液肽精华质粉男女非片,宝贝推广,4098099921,搜索,移动站内,6727,43,11526,0.64,268.05,1713.39,0.00,0,0,0,0,0,0,3,0,3,0.00,1,0,1
2019-05-06,胶原【竞品品牌词】01-鱼腥草,姿美堂鱼胶原蛋白粉水解粉液态饮正品口服液肽精华质粉男女非片,宝贝推广,4098099921,定向投放,移动站内,1,0,0,0.00,,0.00,,,,,,,,,,,,,,
2019-05-06,酵素【定向】01-青黛,姿美堂果蔬酵素粉台湾复合水果孝素粉正品男女非果冻梅饮夜间原液,宝贝推广,42967846606,定向投放,移动站内,20675,261,52700,1.26,201.92,2548.97,1.53,47400,4,0,0,47400,4,14,3,17,0.90,22,0,22
2019-05-06,酵素【竞品品牌词】01-青黛,姿美堂果蔬酵素粉台湾复合水果孝素粉正品男女非果冻梅饮夜间原液,宝贝推广,42967846606,搜索,移动站内,1539,90,19652,5.85,218.36,12769.33,0.00,0,0,0,0,0,0,8,0,8,0.00,3,0,3
2019-05-06,胶原【长尾词】04-鱼腥草,姿美堂鱼胶原蛋白粉水解粉液态饮正品口服液肽精华质粉男女非片,宝贝推广,4098099921,搜索,移动站内,1849,122,41071,6.60,336.65,22212.55,0.82,46600,1,0,0,46600,1,4,2,6,1.13,6,0,6
2019-05-06,益生菌【智能】01-小鑫,姿美堂复合益生菌冲剂成人肠胃肠道儿童大人益生元调理冻干粉女性,智能推广,547215037045,搜索,移动站内,30963,226,59435,0.73,262.99,1919.55,3.54,72400,8,0,0,72400,8,5,0,5,1.22,12,1,13
2019-05-06,胶原酵素【自身品牌词】01-鱼腥草,姿美堂果蔬酵素粉台湾复合水果孝素粉正品男女非果冻梅饮夜间原液,宝贝推广,42967846606,搜索,计算机站内,389,4,52,1.03,13.00,133.68,,,,,,,,,,,,,,
2019-05-06,胶原酵素【自身品牌词】01-鱼腥草,姿美堂果蔬酵素粉台湾复合水果孝素粉正品男女非果冻梅饮夜间原液,宝贝推广,42967846606,定向投放,计算机站内,2,0,0,0.00,,0.00,,,,,,,,,,,,,,
2019-05-06,胶原酵素【自身品牌词】01-鱼腥草,姿美堂果蔬酵素粉台湾复合水果孝素粉正品男女非果冻梅饮夜间原液,宝贝推广,42967846606,搜索,移动站内,7841,412,113107,5.25,274.53,14425.07,5.58,201642,15,139500,8,341142,23,14,3,17,3.02,37,20,57
2019-05-06,胶原酵素【自身品牌词】01-鱼腥草,姿美堂果蔬酵素粉台湾复合水果孝素粉正品男女非果冻梅饮夜间原液,宝贝推广,42967846606,定向投放,移动站内,64,1,21,1.56,21.00,328.13,,,,,,,,,,,,,,
2019-05-06,酵素【销量明星-全地域】01-青黛,买3送1姿美堂果蔬酵素粉台湾复合酵素水果孝素非果冻梅夜间原液,销量明星,42967846606,搜索,移动站内,1267,527,100000,41.59,189.75,78926.60,4.93,270418,23,29532,3,299950,26,23,2,25,3.00,58,8,66
2019-05-06,胶原【销量明星-全地域】01-鱼腥草,姿美堂柳橙鱼胶原蛋白质粉肽水解粉口服液液态饮男女性正品非片,销量明星,4098099921,搜索,移动站内,1089,386,73969,35.45,191.63,67923.78,3.11,307800,11,38700,1,346500,12,15,0,15,4.68,36,9,45
2019-05-06,胶原酵素【自身品牌词】01-鱼腥草,姿美堂鱼胶原蛋白粉水解粉液态饮正品口服液肽精华质粉男女非片,宝贝推广,4098099921,搜索,计算机站内,1,0,0,0.00,,0.00,,,,,,,,,,,,,,
2019-05-06,胶原酵素【自身品牌词】01-鱼腥草,姿美堂鱼胶原蛋白粉水解粉液态饮正品口服液肽精华质粉男女非片,宝贝推广,4098099921,定向投放,计算机站内,14,0,0,0.00,,0.00,,,,,,,,,,,,,,
2019-05-06,胶原酵素【自身品牌词】01-鱼腥草,姿美堂鱼胶原蛋白粉水解粉液态饮正品口服液肽精华质粉男女非片,宝贝推广,4098099921,搜索,移动站内,1050,62,31748,5.90,512.06,30236.19,3.23,46600,1,17600,1,64200,2,3,0,3,2.02,6,3,9
2019-05-06,胶原酵素【自身品牌词】01-鱼腥草,姿美堂鱼胶原蛋白粉水解粉液态饮正品口服液肽精华质粉男女非片,宝贝推广,4098099921,定向投放,移动站内,8,0,0,0.00,,0.00,,,,,,,,,,,,,,
2019-05-06,益生菌【长尾词】小鑫,姿美堂复合益生菌冲剂成人肠胃肠道儿童大人益生元调理冻干粉女性,宝贝推广,547215037045,搜索,移动站内,61472,980,449947,1.59,459.13,7319.54,3.16,229620,26,79830,5,309450,31,47,7,54,0.69,72,14,86
2019-05-06,益生菌【长尾词】小鑫,姿美堂复合益生菌冲剂成人肠胃肠道儿童大人益生元调理冻干粉女性,宝贝推广,547215037045,定向投放,移动站内,431,2,53,0.46,26.50,122.97,50.00,18600,1,0,0,18600,1,1,0,1,350.94,0,0,0
2019-05-06,胶原【精准词-新】01-鱼腥草,姿美堂鱼胶原蛋白粉水解粉液态饮正品口服液肽精华质粉男女非片,宝贝推广,4098099921,搜索,移动站内,6999,437,300000,6.24,686.50,42863.27,1.60,100000,5,12800,2,112800,7,44,4,48,0.38,47,2,49
2019-05-06,胶原【精准词-新】01-鱼腥草,姿美堂鱼胶原蛋白粉水解粉液态饮正品口服液肽精华质粉男女非片,宝贝推广,4098099921,定向投放,移动站内,1,0,0,0.00,,0.00,,,,,,,,,,,,,,
2019-05-06,益生菌【销量明星-全地域】01-鱼腥草,姿美堂复合益生菌冲剂成人肠胃肠道儿童大人益生元调理冻干粉女性,销量明星,547215037045,搜索,移动站内,510,149,100000,29.22,671.14,196078.43,9.40,123000,14,0,0,123000,14,8,2,10,1.23,21,5,26
2019-05-06,酵素【新做竞】01-青黛-,姿美堂果蔬酵素粉台湾复合水果孝素粉正品男女非果冻梅饮夜间原液,宝贝推广,42967846606,搜索,移动站内,1597,73,20610,4.57,282.33,12905.45,0.00,0,0,0,0,0,0,3,1,4,0.00,6,0,6
2019-05-06,酵素【新做竞】01-青黛-,姿美堂果蔬酵素粉台湾复合水果孝素粉正品男女非果冻梅饮夜间原液,宝贝推广,42967846606,定向投放,移动站内,4,0,0,0.00,,0.00,,,,,,,,,,,,,,
2019-05-06,酵素【定向】02-青黛,姿美堂果蔬酵素粉台湾复合水果孝素粉正品男女非果冻梅饮夜间原液,宝贝推广,42967846606,定向投放,移动站内,3962,112,20096,2.83,179.43,5072.19,7.14,88850,7,8300,1,97150,8,3,2,5,4.83,12,0,12
2019-05-06,益生菌测试,姿美堂复合益生菌冲剂成人肠胃肠道儿童大人益生元调理冻干粉女性,宝贝推广,547215037045,搜索,移动站内,11668,158,55000,1.35,348.10,4713.75,2.53,24800,3,4900,1,29700,4,4,1,5,0.54,7,0,7
2019-05-06,益生菌测试,姿美堂复合益生菌冲剂成人肠胃肠道儿童大人益生元调理冻干粉女性,宝贝推广,547215037045,定向投放,移动站内,13,0,0,0.00,,0.00,,,,,,,,,,,,,,
2019-05-06,酵素【定向PC】03-青黛,姿美堂果蔬酵素粉台湾复合水果孝素粉正品男女非果冻梅饮夜间原液,宝贝推广,42967846606,定向投放,计算机站内,1345,0,0,0.00,,0.00,,,,,,,,,,,,,,
